item_class,model,bone,surface,mass,linear_damping,angular_damping,volume,centre_of_mass,inertia,held_bone,points,game_volume,game_centre_of_mass,hull_frame
weapon_glock,glock18/weapon_pist_glock18.gltf,weapon_offset,,3.0,0.0,10.0,27.1681,0.0 1.0648 1.8017,5.364 4.0084 1.531 0.0 0.0 -0.8588,0.0 2.209 1.8046 -0.5 -0.5 -0.5 0.5,0.55 -1.514 0.295;0.0 1.435 6.492;0.55 1.941 5.928;0.0 -2.297 0.407;-0.55 2.607 -1.005;0.0 -1.163 -1.559;0.0 3.147 -1.538;-0.55 -0.755 -1.021;0.55 -0.755 -1.021;0.55 2.607 -1.005;-0.55 -1.514 0.295;0.55 2.628 5.91;0.0 3.171 6.448;-0.55 2.628 5.91;-0.55 1.941 5.928,27.1684,0.0 0.9405 2.0312,model
weapon_hkp2000,hkp2000/weapon_pist_hkp2000.gltf,weapon_offset,,3.0,0.0,0.0,27.429,0.0 1.7709 4.9355,5.0652 3.3746 1.8653 0.0 0.0 -0.9842,0.0 3.082 4.8742 -0.5 -0.5 -0.5 0.5,0.55 2.83 8.693;0.0 -1.575 4.238;0.0 2.339 9.232;0.55 -0.871 3.97;-0.55 -0.871 3.97;-0.55 2.83 8.693;0.55 -0.557 2.296;0.0 -1.09 1.65;-0.55 -0.557 2.296;-0.55 3.554 8.695;0.0 4.192 9.237;0.0 3.177 1.916;-0.55 3.242 2.533;0.55 3.554 8.695;0.0 4.078 2.34;0.55 3.454 2.633;-0.55 3.454 2.633;0.55 3.242 2.533,27.4291,0.0 1.9125 4.7918,model
weapon_usp_silencer,usp_silencer/weapon_pist_usp_silencer.gltf,weapon_offset,,3.0,0.0,0.0,138.9038,-0.0023 2.1841 8.2937,23.0453 20.509 3.0821 0.0243 -0.0074 -3.3509,0.0 3.1739 5.5414 -0.5 -0.5 -0.5 0.5,-0.967 -1.254 3.626;-0.25 -2.292 4.134;-0.967 -1.16 1.882;0.967 2.824 2.319;0.967 3.816 19.012;0.967 4.198 2.73;0.967 -1.669 3.899;0.967 -1.562 2.202;-0.217 -2.308 4.034;0.176 -1.929 1.333;-0.014 -2.029 1.317;0.911 3.882 19.285;-0.259 3.381 19.781;-0.09 -1.951 1.311;0.254 5.126 2.065;0.018 4.791 19.75;0.219 5.14 2.075;0.275 4.69 19.627;-0.025 2.728 1.396;0.048 2.608 1.348;-0.967 3.115 1.998;-0.967 4.499 2.443;0.134 5.095 2.077;0.08 2.637 1.351;0.254 3.445 1.562;-0.003 4.779 19.759;-0.967 4.274 18.883;-0.967 4.26 18.886,138.9054,0.0194 2.112 7.146,model
weapon_elite,elite/weapon_pist_elite.gltf,weapon,,4.0,0.0,0.0,125.2613,0.7048 0.5839 2.6181,10.913 7.2478 4.6413 0.6967 0.022 -1.6338,0.0 0.1426 1.3685 -0.5 -0.5 -0.5 0.5,-0.106 4.741 8.425;1.51 2.164 8.894;1.063 2.112 9.587;0.754 3.875 8.13;-0.059 4.791 8.305;1.008 1.921 9.516;1.05 -4.531 2.579;0.21 2.41 8.65;1.171 -4.699 2.608;1.437 -4.154 3.667;0.325 4.301 -0.631;-0.005 4.676 0.097;0.38 4.239 -0.6;-0.757 -1.26 -0.737;-0.547 4.05 -0.552;-0.605 4.158 7.535;-0.75 -1.175 -1.091;-0.545 4.234 7.906;-0.371 4.245 -0.739;0.033 3.967 -1.279;2.428 -0.557 -1.316;2.442 -0.877 -1.532;1.967 -1.008 -2.283;0.052 3.886 -1.314;-0.29 -1.617 -1.725;2.018 -4.36 2.534;1.568 2.017 8.673;1.803 -4.705 2.596;1.414 -4.912 2.196;1.454 -4.911 2.198;-0.25 -1.665 -1.74;1.946 -1.039 -2.281,125.2614,0.6797 0.635 2.6962,model
weapon_p250,p250/weapon_pist_p250.gltf,weapon_offset,,3.0,0.0,0.0,28.1538,0.0 3.4109 3.7571,5.4773 3.8488 1.803 0.0 0.0 -1.1305,0.0 4.6419 3.716 -0.5 -0.5 -0.5 0.5,-0.55 5.075 1.652;0.0 5.771 8.34;-0.55 5.139 7.805;0.0 5.699 1.372;0.55 5.075 1.652;0.55 5.139 7.805;0.55 0.842 2.488;0.0 0.202 0.43;0.0 0.224 2.867;0.55 0.829 1.059;-0.55 0.842 2.488;-0.55 0.829 1.059;-0.55 4.472 7.82;0.0 3.978 8.381;0.55 4.472 7.82;-0.55 4.164 1.055;0.0 4.255 0.425;0.55 4.164 1.055,28.1543,0.0 3.3984 3.6429,model
weapon_tec9,tec9/weapon_pist_tec9.gltf,weapon_offset,,3.0,0.0,0.0,117.261,0.146 2.8093 9.4175,14.5072 8.8251 6.0134 -0.1504 -0.0319 -0.9168,0.0 4.4076 6.995 -0.5 -0.5 -0.5 0.5,0.0 5.547 16.783;0.0 6.609 16.787;0.55 6.08 16.252;0.55 -2.801 10.659;0.0 -3.332 11.191;-0.55 -2.801 10.658;0.0 -3.354 9.606;-0.55 -2.81 9.948;0.644 -2.718 10.006;0.0 0.11 3.349;0.445 0.374 3.944;0.734 -2.351 9.561;1.326 6.439 10.67;0.56 5.966 4.3;0.806 5.734 4.615;0.0 6.102 3.569;-0.55 5.968 4.287;-0.55 0.436 4.084;-0.55 6.045 16.23;-0.55 6.05 4.399;0.0 6.685 4.371;1.318 6.479 10.535;0.027 6.715 4.528;1.237 6.5 9.501;-0.054 6.617 16.734;-0.532 6.066 16.272;0.014 6.701 4.416,117.2626,0.1602 3.2244 9.1577,model
weapon_fiveseven,fiveseven/weapon_pist_fiveseven.gltf,weapon_offset,,3.0,0.0,0.0,26.84,0.0 5.2178 1.6038,5.3915 3.8163 1.7482 0.0 0.0 -1.1044,0.0 6.4951 1.8046 -0.5 -0.5 -0.5 0.5,-0.55 6.792 -0.838;0.0 7.481 6.381;-0.55 6.849 5.836;0.0 7.416 -1.13;0.55 6.792 -0.838;0.55 6.849 5.836;-0.55 2.659 -1.038;0.0 2.065 0.701;0.0 2.029 -1.682;-0.55 2.68 0.317;0.55 2.68 0.317;0.55 2.659 -1.038;-0.55 6.517 5.834;0.0 6.01 6.372;0.55 6.517 5.834;0.55 6.6 -0.928;0.0 6.51 -1.557;-0.55 6.6 -0.928,26.8404,0.0 5.3169 1.5249,model
weapon_cz75a,cz75a/weapon_pist_cz75a.gltf,weapon_offset,,3.0,0.0,0.0,55.519,0.0 2.4988 4.6588,9.3465 6.7287 2.8029 0.0 0.0 -0.283,-0.0001 4.675 3.6345 -0.5 -0.5 -0.5 0.5,-0.55 4.871 9.44;0.0 -0.938 8.406;-0.55 -0.349 7.959;0.0 5.221 10.154;0.55 -0.349 7.959;0.55 4.871 9.44;-0.55 0.133 0.256;0.0 -0.392 -0.34;0.55 0.133 0.256;0.0 4.094 -0.054;-0.55 5.088 1.06;-0.55 3.562 0.475;0.0 5.689 0.557;0.55 5.088 1.06;0.55 3.562 0.475;0.55 4.91 9.303;0.0 5.502 9.155;-0.55 4.91 9.303,55.5192,0.0 3.0893 4.7147,model
weapon_deagle,deagle/weapon_pist_deagle.gltf,weapon_offset,,4.0,0.0,0.0,68.5308,0.0 1.9401 2.457,10.2048 7.8214 2.719 0.0 0.0 -1.7776,0.0 2.8594 1.7837 -0.5 -0.5 -0.5 0.5,0.75 4.081 8.48;0.0 4.702 -0.634;0.75 4.047 -0.393;0.0 4.739 9.018;0.75 -1.417 -1.018;0.0 -1.974 1.314;0.75 -1.414 0.838;0.0 -1.98 -1.585;0.75 2.583 -1.881;0.0 2.461 -2.542;-0.75 -1.414 0.838;-0.75 -1.417 -1.018;0.0 2.795 9.062;-0.75 3.301 8.498;-0.75 4.081 8.48;-0.75 4.047 -0.393;0.75 3.301 8.498;-0.75 3.344 -1.537;0.0 3.94 -1.874;-0.75 2.583 -1.881;0.75 3.344 -1.537,68.5315,0.0 2.0824 1.8445,model
weapon_revolver,revolver/weapon_pist_revolver.gltf,weapon_offset,,4.0,0.0,0.0,73.8203,0.0 2.1434 3.7916,10.8154 8.0407 3.2369 0.0 0.0 -3.1196,0.0 2.6298 2.9756 -0.5 -0.5 -0.5 0.5,0.0 3.037 10.275;-0.9 3.689 9.654;0.0 4.31 10.306;0.9 3.689 9.654;0.0 5.264 9.72;0.9 4.487 9.164;-0.9 4.487 9.164;0.9 -1.446 0.039;0.0 -2.098 0.66;0.0 -2.355 -1.644;0.9 -1.561 -0.988;-0.9 -1.446 0.039;-0.9 -1.561 -0.988;-0.9 4.315 1.996;0.0 5.078 1.979;0.0 4.243 0.777;-0.9 4.06 1.629;0.9 4.315 1.996;0.9 4.06 1.629;0.9 -1.301 -0.982;0.0 -0.642 -1.602;-0.9 -1.301 -0.982,73.8216,0.0 1.8784 3.2498,model
weapon_nova,nova/weapon_shot_nova.gltf,weapon_offset,,4.0,0.0,0.0,245.2492,0.0 1.8581 -1.6465,106.2485 103.6522 2.9408 0.0 0.0 -9.6732,-0.1931 5.1921 4.6109 -0.5 -0.5 -0.5 0.5,-0.75 1.607 -18.392;0.0 5.267 -3.498;-0.75 4.569 -3.646;0.0 2.163 -18.957;0.75 1.607 -18.392;0.75 4.569 -3.646;-0.75 -2.167 -18.499;0.0 -2.814 -19.098;0.75 -2.167 -18.499;0.75 3.905 20.557;0.75 1.989 15.774;0.0 1.463 16.171;-0.75 1.989 15.774;-0.75 3.905 20.557;-0.73 3.921 20.642;0.0 3.509 21.28;0.0 4.595 21.004;0.73 3.921 20.642,245.248,0.0 2.324 2.7655,model
weapon_xm1014,xm1014/weapon_shot_xm1014.gltf,weapon_offset,,4.0,0.0,0.0,232.63,0.0 1.6602 3.0997,85.2347 82.7427 2.8356 0.0 0.0 -7.3221,-0.1931 4.4509 1.0347 -0.5 -0.5 -0.5 0.5,0.0 4.756 21.297;0.75 4.117 -0.255;0.75 4.011 21.253;0.0 4.86 0.302;-0.75 4.117 -0.255;-0.75 4.011 21.253;0.75 1.989 -12.254;0.0 -2.112 -12.439;0.75 -1.443 -11.95;0.0 2.528 -12.85;-0.75 1.989 -12.254;-0.75 -1.465 -1.456;-0.75 -1.443 -11.95;0.0 -2.136 -1.169;-0.75 2.524 21.854;0.0 1.875 22.273;0.75 -1.465 -1.456;0.75 2.524 21.854;0.75 3.522 22.075;0.0 3.907 22.724;-0.75 3.522 22.075,232.6326,0.0 1.9136 5.6513,model
weapon_sawedoff,sawedoff/weapon_shot_sawedoff.gltf,weapon_offset,,4.0,0.0,0.0,130.2082,0.0 0.0153 8.7459,50.5529 49.4074 1.4791 0.0 0.0 -3.2126,-0.1931 2.177 3.4439 -0.5 -0.5 -0.5 0.5,0.0 0.648 -3.354;-0.75 -0.012 -2.998;0.0 -0.368 -3.658;0.75 -0.012 -2.998;-0.75 -2.472 -2.252;0.0 -0.809 21.903;0.0 -3.144 -1.874;-0.75 -0.089 22.026;0.0 -2.832 -2.911;0.75 -2.472 -2.252;-0.75 1.713 3.749;0.0 2.363 3.357;0.75 1.713 3.749;-0.75 1.544 22.298;0.0 2.186 22.862;0.0 -0.224 22.777;0.75 1.544 22.298;0.75 -0.079 22.041;-0.75 -0.079 22.041;0.75 -0.089 22.026,130.2103,0.0 -0.0485 9.4419,model
weapon_mag7,mag7/weapon_shot_mag7.gltf,weapon_offset,,4.0,0.0,0.0,298.9984,0.0 6.48 3.546,42.2287 37.0028 5.8342 0.0 0.0 -2.99,-0.1931 8.2296 3.2938 -0.5 -0.5 -0.5 0.5,1.0 8.488 18.247;0.0 0.231 0.085;0.0 7.743 18.927;1.0 0.998 -0.538;1.0 1.008 -2.456;0.0 0.246 -3.076;-1.0 7.784 -6.133;0.0 9.784 -7.055;-1.0 9.784 -6.055;0.0 7.726 -7.135;-1.0 1.008 -2.456;1.0 7.784 -6.133;1.0 9.784 -6.055;-1.0 0.998 -0.538;1.0 10.168 -5.671;0.0 11.02 -5.819;-1.0 10.168 -5.671;0.0 9.552 18.994;-1.0 8.753 18.257;1.0 8.753 18.257;-1.0 8.488 18.247,299.0023,0.0 6.6794 2.2013,model
weapon_mac10,mac10/weapon_smg_mac10.gltf,weapon_offset,,3.5,0.0,0.0,206.8744,0.0 0.1477 6.489,17.6249 9.4613 8.7745 0.0 0.0 0.4905,-0.193 4.2075 8.0985 -0.5 -0.5 -0.5 0.5,-1.0 -6.333 5.412;0.0 -4.029 11.31;0.0 -7.032 6.126;-1.0 -3.351 10.558;1.0 -6.333 5.412;1.0 -3.351 10.558;0.0 -7.047 4.712;0.0 5.358 0.234;-1.0 4.338 10.822;-1.0 4.497 0.942;0.0 5.185 10.936;1.0 4.338 10.822;1.0 4.497 0.942;1.0 3.098 12.294;0.0 3.227 13.263;-1.0 3.098 12.294;-1.0 1.214 0.809;0.0 0.61 0.042;1.0 1.214 0.809,206.8749,0.0 0.1685 6.7526,model
weapon_mp9,mp9/weapon_smg_mp9.gltf,weapon_offset,,3.5,0.0,0.0,293.5196,0.0 2.1867 2.1648,35.5545 30.7994 5.3681 0.0 0.0 -0.4031,-0.1931 6.4106 7.6858 -0.5 -0.5 -0.5 0.5,0.0 5.607 -8.82;1.0 5.915 9.607;0.0 6.879 9.59;1.0 4.687 -8.174;-1.0 5.915 9.607;-1.0 4.687 -8.174;-1.0 0.997 -8.498;0.0 0.343 -9.282;1.0 0.997 -8.498;1.0 5.106 12.325;0.0 5.853 13.036;0.0 4.412 13.038;-1.0 5.106 12.325;0.0 0.129 11.312;-1.0 0.835 10.604;0.0 -3.568 4.324;-1.0 -2.861 4.923;1.0 -2.861 4.923;1.0 -2.861 4.995;1.0 0.835 10.604;0.0 -3.567 5.703;-1.0 -2.861 4.995,293.5247,0.0 1.8058 4.1121,model
weapon_mp7,mp7/weapon_smg_mp7.gltf,weapon_offset,,3.5,0.0,0.0,223.5723,0.0 -0.2593 -0.1938,19.7155 13.605 6.7226 0.0 0.0 -0.6749,0.0 1.2767 -0.6717 -0.5 -0.5 -0.5 0.5,1.0 -1.583 -6.696;0.0 -6.791 -1.506;1.0 -5.985 -1.024;0.0 -2.023 -7.65;-1.0 3.683 4.126;0.0 1.33 8.717;-1.0 1.215 7.555;0.0 4.683 4.06;-1.0 -1.583 -6.696;0.0 2.253 -7.633;-1.0 1.971 -6.682;-1.0 -5.985 -1.024;1.0 3.683 4.126;0.0 4.683 -4.111;1.0 3.683 -4.2;1.0 1.971 -6.682;-1.0 3.683 -4.2;-1.0 -2.528 4.702;0.0 -3.375 5.132;1.0 -2.528 4.702;1.0 1.215 7.555;1.0 -5.98 -0.996;0.0 -6.533 -0.082;-1.0 -5.98 -0.996,223.5752,0.0 -0.7007 -0.3958,model
weapon_mp5sd,mp5sd/weapon_smg_mp5sd.gltf,weapon_offset,,3.5,0.0,0.0,384.731,0.0 1.4606 7.7876,49.5512 43.4124 6.7308 0.0 0.0 -3.3728,-0.193 3.5075 3.7112 -0.5 -0.5 -0.5 0.5,0.0 2.524 23.062;0.0 4.685 23.067;1.0 3.539 22.003;-1.0 3.539 22.003;-1.0 -3.962 8.06;0.0 -3.313 -0.412;-1.0 -1.891 -0.391;0.0 -5.438 8.262;1.0 -3.962 8.06;-1.0 0.213 -3.888;0.0 5.292 -4.73;-1.0 3.895 -3.682;0.0 -0.519 -5.054;1.0 0.213 -3.888;1.0 -1.891 -0.391;1.0 3.895 -3.682;-1.0 5.474 14.473;0.0 6.944 14.261;1.0 5.474 14.473,384.7371,0.0 1.3006 6.9268,model
weapon_ump45,ump45/weapon_smg_ump45.gltf,weapon_offset,,3.5,0.0,0.0,451.5926,0.0 0.9683 5.8182,54.1659 46.0626 8.7252 0.0 0.0 0.9465,-0.1931 3.8425 6.303 -0.5 -0.5 -0.5 0.5,0.0 -6.611 12.357;-1.0 3.565 18.281;0.0 3.528 19.323;-1.0 -6.043 11.681;1.0 3.565 18.281;0.0 6.471 16.972;1.0 5.477 16.753;1.0 -6.043 11.681;-1.0 2.98 -8.711;0.0 6.447 2.931;-1.0 5.453 2.67;0.0 3.745 -9.502;0.0 -0.106 -9.339;-1.0 0.627 -8.612;1.0 2.98 -8.711;1.0 0.627 -8.612;1.0 5.453 2.67;-1.0 5.477 16.753;-1.0 -6.084 11.507;0.0 -6.913 11.067;1.0 -6.084 11.507,451.5986,0.0 0.8815 6.2358,model
weapon_p90,p90/weapon_smg_p90.gltf,weapon_offset,,3.5,0.0,0.0,236.4375,0.0 4.2121 6.3851,29.9473 26.3424 4.2159 0.0 0.0 -2.5196,-0.1931 5.7644 10.615 -0.5 -0.5 -0.5 0.5,-1.0 0.848 10.787;0.0 0.776 -3.942;-1.0 1.504 -3.211;0.0 0.068 11.153;-1.0 4.979 -3.209;0.0 5.734 -3.939;-1.0 4.316 15.787;0.0 4.042 16.882;0.0 8.991 13.449;-1.0 7.995 13.235;1.0 0.848 10.787;1.0 4.316 15.787;1.0 1.504 -3.211;1.0 4.979 -3.209;1.0 7.995 13.235;0.0 8.977 9.596;1.0 7.981 9.316;-1.0 7.981 9.316,236.4404,0.0 4.6575 7.1452,model
weapon_bizon,bizon/weapon_smg_bizon.gltf,weapon_offset,,3.5,0.0,0.0,340.5226,0.0 0.6206 2.6445,68.0684 64.8234 3.8513 0.0 0.0 -5.6484,-0.1931 3.0819 2.8189 -0.5 -0.5 -0.5 0.5,-1.0 -3.205 -0.48;0.0 -0.707 16.17;0.0 -4.148 -0.126;-1.0 0.27 15.978;-1.0 2.4 18.07;0.0 2.323 19.144;-1.0 -1.586 -11.702;0.0 2.128 -12.734;-1.0 1.512 -11.945;0.0 -2.38 -12.382;1.0 -1.586 -11.702;1.0 -3.205 -0.48;1.0 1.512 -11.945;1.0 4.072 16.469;0.0 5.071 16.513;1.0 2.4 18.07;-1.0 4.072 16.469;1.0 0.27 15.978;1.0 2.582 -5.467;0.0 3.752 -2.913;-1.0 2.582 -5.467,340.5227,0.0 0.8633 3.1201,model
weapon_galilar,galilar/weapon_rif_galilar.gltf,weapon_offset,,4.0,0.0,0.0,447.6764,0.0 1.2669 8.1188,58.2605 53.0167 6.0041 0.0 0.0 -2.7674,-0.193 4.026 5.8679 -0.5 -0.5 -0.5 0.5,1.1 -0.479 -5.603;0.0 -5.07 9.693;1.1 -4.33 9.687;0.0 -1.073 -6.176;-1.1 3.16 24.053;-1.1 -4.33 9.687;0.0 2.702 24.602;-1.1 -0.479 -5.603;0.0 3.467 -6.231;-1.1 2.929 -5.644;1.1 2.929 -5.644;0.0 5.861 3.487;1.1 5.138 3.325;-1.1 5.138 3.325;0.0 5.501 20.384;-1.1 4.778 20.229;1.1 4.778 20.229;0.0 3.762 24.561;1.1 3.186 24.052;1.1 3.16 24.053;-1.1 3.186 24.052,447.6837,0.0 2.0912 10.0251,model
weapon_famas,famas/weapon_rif_famas.gltf,weapon_offset,,4.0,0.0,0.0,581.0451,0.0 1.9618 4.6072,75.0835 67.6593 8.1925 0.0 0.0 -5.8839,-0.1931 3.5075 7.5993 -0.5 -0.5 -0.5 0.5,1.1 2.976 23.479;0.0 -5.687 -1.293;0.0 2.526 24.01;1.1 -5.01 -1.127;-1.1 0.056 -9.67;0.0 5.217 -10.465;-1.1 4.668 -9.81;0.0 -0.347 -10.297;-1.1 -5.01 -1.127;1.1 0.056 -9.67;0.0 3.572 24.008;-1.1 6.213 17.296;0.0 6.934 17.491;-1.1 3.023 23.479;1.1 6.629 2.13;1.1 4.668 -9.81;0.0 7.346 2.501;1.1 6.213 17.296;-1.1 6.629 2.13;-1.1 2.976 23.479;1.1 3.023 23.479,581.058,0.0 2.6987 6.5482,model
weapon_ak47,ak47/weapon_rif_ak47.gltf,weapon_offset,,4.0,0.0,0.0,389.3433,0.0 -0.0745 6.2389,89.076 83.1996 6.2322 0.0 0.0 -4.6871,-0.1931 2.9819 2.9689 -0.5 -0.5 -0.5 0.5,-0.75 -5.857 9.239;0.0 -2.548 -11.905;-0.75 -1.972 -11.291;0.0 -6.543 9.202;0.75 3.65 -0.294;0.0 4.507 24.993;0.0 4.334 -0.048;0.75 3.823 24.673;-0.75 3.65 -0.294;-0.75 3.823 24.673;0.75 1.54 -11.125;0.75 -1.972 -11.291;0.0 2.067 -11.686;-0.75 1.54 -11.125;-0.75 2.271 25.437;0.0 2.001 26.227;0.75 2.271 25.437;0.75 -5.857 9.239,389.3459,0.0 0.5961 6.1148,model
weapon_m4a1,m4a4/weapon_rif_m4a4.gltf,weapon_offset,,4.0,0.0,0.0,586.041,-0.0018 10.3597 17.7215,84.046 77.4812 7.3287 -0.0065 0.0047 -5.8685,-0.1931 12.4036 18.2349 -0.5 -0.5 -0.5 0.5,1.1 15.137 32.338;0.0 13.861 1.436;1.101 13.21 2.0;0.0 15.84 32.608;-1.098 7.312 1.956;-1.101 13.21 2.0;0.0 6.814 1.385;1.098 7.375 1.957;1.098 12.506 36.223;1.096 4.521 19.808;-1.1 15.137 32.338;0.019 3.758 20.016;0.081 6.764 1.426;-1.096 4.389 19.826;0.0 11.978 36.771;-1.098 12.434 36.247;0.06 11.925 36.741;-1.098 12.489 36.247;0.0 13.011 36.783;1.071 12.502 36.261,586.038,0.0067 10.7087 21.2185,model
weapon_m4a1_silencer,m4a1_silencer/weapon_rif_m4a1_silencer.gltf,weapon_offset,,4.0,0.0,0.0,731.2904,0.0 2.857 6.9438,123.7742 117.3051 7.237 0.0 0.0 -4.1691,0.0 4.7233 3.4696 -0.5 -0.5 -0.5 0.5,1.1 4.669 32.289;0.0 -4.255 5.51;0.0 4.179 32.817;1.1 -3.593 5.54;1.1 1.225 -13.005;0.0 0.71 -13.601;-1.1 -3.593 5.54;-1.1 4.669 32.289;1.1 5.101 -13.073;0.0 5.611 -13.687;0.0 8.382 3.525;1.1 7.717 3.179;-1.1 1.225 -13.005;-1.1 5.101 -13.073;-1.1 7.717 3.179;-1.1 5.275 32.293;0.0 5.924 32.827;1.1 5.275 32.293,731.2982,0.0 3.4078 7.8802,model
weapon_sg556,sg556/weapon_rif_sg556.gltf,weapon_offset,,4.5,0.0,0.0,493.4979,-0.2184 0.527 1.2784,70.9876 64.6654 6.9412 0.0 0.0 -2.5067,-0.1931 3.4866 6.8571 -0.5 -0.5 -0.5 0.5,0.782 -5.203 0.571;-0.218 -2.765 -13.591;-0.218 -6.158 0.633;0.782 -1.982 -12.926;-1.218 -5.203 0.571;-1.218 -1.982 -12.926;-0.218 2.767 20.523;0.782 5.337 1.253;0.782 1.773 20.46;-0.218 6.337 1.276;-0.218 1.713 21.459;-1.218 1.773 20.46;0.782 1.962 -13.345;-0.218 2.632 -14.164;-1.218 1.962 -13.345;-0.218 6.265 -3.414;-1.218 5.262 -3.578;-0.218 0.774 20.401;0.782 5.262 -3.578;-1.218 5.337 1.253,493.4967,-0.2184 1.2933 0.8999,model
weapon_aug,aug/weapon_rif_aug.gltf,weapon_offset,,4.5,0.0,0.0,530.5777,0.1921 1.3554 0.3658,52.1145 44.7766 8.2596 -0.1492 -0.3644 -4.5929,-0.213 4.4703 3.5482 -0.5 -0.5 -0.5 0.5,1.141 -5.011 -3.712;0.0 -2.375 -11.918;0.0 -6.098 -4.004;0.929 -1.661 -11.316;-1.04 -5.108 -3.738;-1.093 -1.535 -11.209;-0.904 6.883 3.65;0.0 4.36 -13.065;0.0 7.704 3.786;-1.074 3.608 -12.101;-0.901 -1.393 8.6;-0.799 3.396 16.438;0.0 -1.967 9.286;0.473 3.467 17.133;0.0 3.142 17.454;0.785 -1.467 8.688;0.918 3.295 16.066;1.293 -4.166 -1.421;1.135 3.387 -12.016;2.075 4.372 6.288;2.04 4.634 7.124;-0.504 3.488 17.112;0.0 3.862 17.484;1.038 3.633 -12.133;1.026 6.747 3.499;0.028 7.701 3.894;0.005 3.868 17.48,530.5805,0.2434 1.7323 2.865,model
weapon_m249,m249/weapon_mach_m249.gltf,weapon_offset,,6.0,0.0,0.0,1949.5574,0.2038 1.3051 6.2451,96.0935 91.7308 10.8727 0.1861 0.058 -4.558,-0.1911 4.506 3.4123 -0.5 -0.5 -0.5 0.5,-1.014 4.094 30.972;0.246 7.242 23.252;-0.471 4.232 32.405;0.014 7.521 21.321;-0.971 6.586 21.4;0.0 3.373 31.71;4.528 -4.619 7.416;-3.972 -4.619 7.416;1.309 3.985 28.881;0.624 6.818 23.428;-0.01 3.772 32.478;1.154 3.7 29.948;4.302 2.916 2.656;0.004 7.761 -1.356;4.514 2.64 6.581;4.504 2.68 3.757;4.517 2.477 7.212;-1.158 3.345 -14.1;-3.304 4.326 6.917;-4.018 -1.352 4.469;-3.219 4.615 6.608;-2.814 5.034 3.583;-4.053 -4.619 7.243;-1.33 3.674 29.466;-4.178 -4.619 5.849;4.539 -4.573 7.48;4.505 -4.619 4.416;0.935 -0.015 -15.105;4.417 -4.532 3.942;0.92 3.373 -15.489;4.529 -4.619 4.543;-0.007 4.581 -15.626;-0.007 7.751 -1.466;-0.938 3.336 -15.485;-3.884 -4.54 3.988;-3.951 -4.619 4.416;-0.938 -0.034 -15.103;-0.008 -1.041 -14.989;0.01 -1.041 -14.989;4.538 -4.619 7.395,1949.5688,0.2466 1.3939 7.1864,model
weapon_negev,negev/weapon_mach_negev.gltf,weapon_offset,,6.0,0.0,0.0,1480.5299,-0.1167 1.5224 4.2684,81.167 76.0777 9.9247 0.2279 -0.7777 -1.1495,-0.1364 4.8203 2.9447 -0.5 -0.5 -0.5 0.5,-3.942 -2.324 2.493;-1.052 4.529 -15.293;-2.236 4.732 -8.264;-1.052 0.658 -14.955;1.043 6.826 17.563;-2.18 5.14 21.348;-1.626 7.401 13.006;-0.598 4.76 24.2;1.495 5.483 23.196;4.121 -2.51 12.504;-1.36 -4.183 8.805;3.868 -1.732 15.392;3.531 -4.198 6.709;-0.463 -0.366 -14.865;0.374 5.666 -15.392;1.012 5.338 -15.364;1.143 0.359 -14.929;0.046 -0.366 -14.865;-1.048 7.448 2.35;1.49 5.356 -10.883;1.002 6.925 11.409;-1.591 7.507 5.362;-0.492 4.185 23.747;-3.404 -4.19 7.886;3.219 0.245 18.544;-4.068 -2.839 4.113;-4.067 -2.814 8.111;-3.637 -4.193 7.396;-3.637 -4.206 5.557;-3.426 -4.211 4.781;3.325 -4.211 4.781;3.253 -4.084 4.13,1480.5299,-0.3423 1.1292 4.0182,model
weapon_ssg08,ssg08/weapon_snip_ssg08.gltf,weapon_offset,,5.0,0.0,0.0,945.9105,-0.3367 2.99 7.6174,148.1716 142.7685 6.7333 0.0574 -0.4282 -10.6998,-0.2715 4.1885 3.6309 -0.5 -0.5 -0.5 0.5,1.0 7.795 15.784;0.0 5.227 36.748;0.0 8.785 15.619;1.0 4.421 35.819;1.0 -1.998 0.134;0.0 -3.15 -13.806;0.0 -2.995 0.066;1.0 -2.145 -13.09;1.0 7.334 2.107;0.0 8.33 2.128;1.0 2.895 34.06;1.0 3.427 -13.774;0.0 1.71 32.694;0.524 3.789 -14.219;0.0 4.445 -13.667;-0.566 -2.592 -14.35;-1.004 7.327 2.092;-0.985 7.81 15.781;-0.993 3.635 -12.958;-0.978 4.439 35.84;-0.935 2.817 33.97;-0.736 -2.261 0.116;-0.931 -2.224 -13.98;-1.363 -1.756 -10.576;-1.368 2.129 26.226;-2.728 3.729 7.815;-1.007 4.477 35.445;-1.052 3.531 -12.925;-2.919 3.588 1.761;-2.949 3.766 2.714;-2.938 3.81 3.416,945.9105,-0.5138 2.9064 6.6774,model
weapon_awp,awp/weapon_snip_awp.gltf,weapon_offset,,5.0,0.0,0.0,661.7095,-0.0049 7.8093 11.843,177.1978 173.1984 4.7541 -0.0207 -0.0385 -9.1379,-0.193 8.9907 5.2908 -0.5 -0.5 -0.5 0.5,-1.1 8.314 -9.592;0.0 12.577 4.162;-1.101 11.886 4.117;0.0 8.845 -10.154;-1.097 3.905 -9.737;0.0 3.39 -10.332;1.097 3.9 -9.738;1.1 8.314 -9.592;1.101 11.886 4.117;0.0 10.057 43.659;1.098 9.4 43.122;-0.312 2.754 2.401;0.002 8.257 43.639;0.055 4.114 13.747;-1.097 8.79 43.116;-1.096 3.163 2.245;1.097 8.791 43.116;1.097 3.439 -3.075;1.097 5.593 20.208;-1.098 9.4 43.122;0.058 2.765 -0.86,661.7,0.0428 7.1209 11.7951,model
weapon_g3sg1,g3sg1/weapon_snip_g3sg1.gltf,weapon_offset,,5.0,0.0,0.0,668.4562,0.0 4.8084 19.7759,110.0391 104.2822 6.5212 0.0 0.0 -4.1872,-0.1741 5.7217 17.9572 -0.5 -0.5 -0.5 0.5,0.0 10.312 11.099;1.1 5.472 1.369;1.1 9.565 11.039;0.0 5.932 0.753;-1.1 5.472 1.369;-1.1 9.565 11.039;0.0 0.713 1.125;1.1 -0.321 21.284;1.1 1.359 1.662;0.0 -1.017 21.349;-1.1 -0.321 21.284;-1.1 1.359 1.663;-1.1 8.062 36.006;0.0 8.817 35.937;-1.1 5.62 43.067;1.1 8.062 36.006;1.1 5.62 43.067;1.082 5.619 43.105;0.0 5.057 43.622;0.0 6.154 43.633;-1.082 5.619 43.105,668.4636,0.0 5.082 22.5041,model
weapon_scar20,scar20/weapon_snip_scar20.gltf,weapon_offset,,5.0,0.0,0.0,647.3555,0.0 11.342 20.1459,107.9649 102.1994 6.5309 0.0 0.0 -6.5679,-0.1931 12.4036 18.1348 -0.5 -0.5 -0.5 0.5,1.1 7.129 2.566;0.0 5.771 18.759;1.1 6.447 18.619;0.0 6.482 2.016;-1.1 6.447 18.619;-1.1 7.129 2.566;-1.1 12.045 2.578;0.0 12.562 2.029;1.1 12.045 2.578;1.1 15.65 13.763;1.1 11.991 43.992;1.1 15.976 28.318;1.1 13.413 5.232;0.0 16.574 28.705;0.0 16.231 13.354;-1.1 15.65 13.763;-1.1 13.413 5.232;-1.1 11.991 43.992;-1.1 15.976 28.318;0.0 13.986 4.792;1.071 11.989 44.071;0.0 11.414 44.587;0.0 12.536 44.588;-1.071 11.989 44.071,647.362,0.0 11.8681 19.8799,model
weapon_c4,c4/weapon_c4.gltf,weapon_offset,,4.0,0.0,0.0,176.4593,0.064 -0.23 -0.82,7.8733 11.1602 4.5564 0.0 0.0 0.0,-4.0 3.0495 -0.1966 -0.5 -0.5 -0.5 0.5,3.494 -1.61 -5.48;3.494 1.15 3.84;3.494 1.15 -5.48;3.494 -1.61 3.84;-3.366 -1.61 3.84;-3.366 -1.61 -5.48;-3.366 1.15 3.84;-3.366 1.15 -5.48,176.4612,0.064 -0.23 -0.82,model
item_defuser,defuser/defuser.gltf,weapon_hand_r,,15.0,0.0,0.0,567.0629,0.323 0.248 0.2302,6.4755 19.38 20.1423 0.7972 -0.6644 -0.2034,0.0 0.0 0.0 -0.5 -0.5 -0.5 0.5,7.512 3.387 2.721;-6.349 2.625 3.223;-7.392 4.304 0.909;6.705 2.524 3.859;7.192 -2.65 3.053;-6.72 -2.392 2.399;-5.913 -3.063 2.331;6.482 -3.33 2.908;-7.812 4.274 -0.023;-7.658 -2.007 0.318;-7.966 3.563 -0.366;7.288 -3.446 0.679;1.904 -2.73 -3.243;2.146 -3.443 -2.037;3.891 -1.855 -3.519;7.503 -2.011 -1.378;8.064 -2.91 0.279;8.473 -2.197 1.229;-6.293 -3.148 0.171;8.511 3.227 1.287;8.726 2.774 0.971;8.358 2.092 0.125;-0.214 3.554 -3.054;2.944 1.561 -3.268;-7.171 -2.57 -0.585;-3.786 -1.774 -3.118;-6.855 -2.203 -1.349;3.325 -0.994 -3.654;-2.807 0.497 -3.608;-7.823 3.244 -0.594;-2.92 1.073 -3.522;-0.284 3.559 -3.056,567.066,0.3458 -0.0145 -0.3097,model
weapon_taser,taser/weapon_pist_taser.gltf,weapon_offset,,3.0,0.0,0.0,76.5739,0.0 3.7768 1.8804,8.1569 5.8497 2.8729 0.0 0.0 -1.5733,0.0 5.8617 2.5046 -0.5 -0.5 -0.5 0.5,1.0 0.845 -1.618;0.0 -0.439 0.144;1.0 0.445 -0.324;0.0 0.378 -2.502;0.0 6.802 -1.592;1.0 5.842 -0.91;-1.0 0.845 -1.618;-1.0 5.842 -0.91;-1.0 0.445 -0.324;1.0 4.859 6.745;0.0 4.038 7.315;-1.0 4.859 6.746;0.0 6.667 5.504;1.0 5.705 6.31;-1.0 5.705 6.31;1.0 5.568 6.874;0.0 6.137 7.696;-1.0 5.568 6.874,76.5749,0.0 3.8952 2.8178,model
weapon_hegrenade,grenade/hegrenade/weapon_hegrenade.gltf,weapon_offset,,3.0,0.0,0.0,56.2381,0.0495 -0.032 0.1043,2.6563 1.8678 2.7784 -0.0487 0.0172 -0.0156,0.0 0.0 0.0 -0.5 -0.5 -0.5 0.5,-0.153 0.119 2.307;1.294 3.073 0.635;1.892 -0.042 1.673;-0.752 3.31 0.635;0.211 -1.115 -2.108;-1.216 -2.436 -0.916;0.77 -2.665 -0.916;-1.834 -0.954 -1.474;2.193 -1.271 0.041;0.77 -2.665 1.084;-1.216 -2.436 1.084;1.294 3.073 -0.355;-0.752 3.31 -0.355;-2.136 0.275 0.158;-0.247 -1.079 2.307;-1.834 -0.954 1.673;0.305 0.083 -2.108;1.892 -0.042 -1.474;1.798 -1.24 1.673;1.798 -1.24 -1.474;-2.23 -0.923 0.158;-1.74 0.244 -1.474;-1.74 0.244 1.673;2.288 -0.073 0.041,56.2377,0.0273 -0.2251 0.1036,model
weapon_flashbang,grenade/flashbang/weapon_flashbang.gltf,weapon_offset,,3.0,0.0,8.0,47.3265,-0.1951 -0.2718 0.0,4.7952 1.068 5.0194 0.0674 0.0 0.0,0.0 0.0 0.0 -0.5 -0.5 -0.5 0.5,1.485 2.937 0.0;0.0 2.937 1.485;0.0 4.795 0.0;0.0 2.937 -1.485;-1.048 -3.827 -1.016;-2.454 -1.179 0.0;-1.487 -3.827 0.0;-0.294 2.796 -1.363;-2.322 2.479 0.0;-0.294 2.796 1.363;-0.914 -3.827 1.106;-1.048 -3.827 1.016;0.0 -3.827 1.485;-0.914 -3.827 -1.106;0.0 -3.827 -1.485;1.05 -3.827 -1.05;1.485 -3.827 0.0;1.05 -3.827 1.05;1.05 -3.782 1.05;1.05 -3.782 -1.05,47.3263,-0.1802 -1.267 0.0,model
weapon_smokegrenade,grenade/smokegrenade/weapon_smokegrenade.gltf,weapon_offset,,3.0,0.0,8.0,34.6779,0.0 -0.6368 0.0,3.6322 0.8902 3.6322 0.0 0.0 0.0,0.0 0.0 0.0 -0.5 -0.5 -0.5 0.5,-1.485 2.254 0.0;0.0 2.254 -1.485;0.0 3.523 0.0;1.485 2.254 0.0;0.0 2.254 1.485;-1.05 -3.576 -1.05;0.0 -3.577 -1.485;-1.485 -3.577 0.0;-1.05 -3.576 1.05;0.0 -3.577 1.485;1.05 -3.576 1.05;1.485 -3.577 0.0;1.05 -3.576 -1.05,34.678,0.0 -1.2367 0.0,model
weapon_molotov,grenade/molotov/weapon_molotov.gltf,molotov,,3.0,0.0,8.0,102.0957,0.0 0.1692 0.0,9.875 1.5181 9.875 0.0 0.0 0.0,0.0 0.0 0.0 -0.5 -0.5 -0.5 0.5,-1.35 3.126 1.35;0.0 8.835 0.0;0.0 3.126 1.909;1.35 3.126 1.35;0.0 3.126 -1.909;-1.35 3.126 -1.35;1.35 3.126 -1.35;-1.909 3.126 0.0;1.909 3.126 0.0;-1.35 -4.874 -1.35;0.0 -4.874 -1.909;-1.909 -4.874 0.0;1.35 -4.874 -1.35;1.909 -4.874 0.0;-1.35 -4.874 1.35;0.0 -4.874 1.909;1.35 -4.874 1.35,102.0966,0.0 -0.3026 0.0,model
weapon_incgrenade,grenade/incendiary/weapon_incendiarygrenade.gltf,weapon_offset,,3.0,0.0,8.0,34.6779,0.0 -0.6368 0.0,3.6322 0.8902 3.6322 0.0 0.0 0.0,0.0 0.0 0.0 -0.5 -0.5 -0.5 0.5,-1.485 2.254 0.0;0.0 2.254 -1.485;0.0 3.523 0.0;1.485 2.254 0.0;0.0 2.254 1.485;-1.05 -3.576 -1.05;0.0 -3.577 -1.485;-1.485 -3.577 0.0;-1.05 -3.576 1.05;0.0 -3.577 1.485;1.05 -3.576 1.05;1.485 -3.577 0.0;1.05 -3.576 -1.05,34.678,0.0 -1.2367 0.0,model
weapon_decoy,grenade/decoy/weapon_decoy.gltf,weapon_offset,,3.0,0.0,8.0,47.3265,-0.1951 -0.2718 0.0,4.7952 1.068 5.0194 0.0674 0.0 0.0,0.0 0.0 0.0 -0.5 -0.5 -0.5 0.5,1.485 2.937 0.0;0.0 2.937 1.485;0.0 4.795 0.0;0.0 2.937 -1.485;-1.048 -3.827 -1.016;-2.454 -1.179 0.0;-1.487 -3.827 0.0;-0.294 2.796 -1.363;-2.322 2.479 0.0;-0.294 2.796 1.363;-0.914 -3.827 1.106;-1.048 -3.827 1.016;0.0 -3.827 1.485;-0.914 -3.827 -1.106;0.0 -3.827 -1.485;1.05 -3.827 -1.05;1.485 -3.827 0.0;1.05 -3.827 1.05;1.05 -3.782 1.05;1.05 -3.782 -1.05,47.3263,-0.1802 -1.267 0.0,model
