class,clip,duration,kind,event,at,for
weapon_glock,draw,1.0000,,,,
weapon_glock,draw,1.0000,Sound,Weapon_Glock.Draw,0.0000,1.0000
weapon_glock,draw,1.0000,Sound,Weapon_Glock.Slideback_Q,0.3000,0.2667
weapon_glock,draw,1.0000,Sound,Weapon_Glock.Sliderelease_Q,0.5000,0.3333
weapon_glock,idle,0.0333,,,,
weapon_glock,idle_slide_back,0.0333,,,,
weapon_glock,lookat01,6.4333,,,,
weapon_glock,lookat01,6.4333,ID,WPN_INSPECT_INTRO,0.0000,1.5333
weapon_glock,lookat01,6.4333,Sound,Weapon.WeaponMove1,0.0667,0.0000
weapon_glock,lookat01,6.4333,ID,WPN_INSPECT_LOOP,1.5333,1.5000
weapon_glock,lookat01,6.4333,ID,inspect_loop_window,3.0000,0.0667
weapon_glock,lookat01,6.4333,ID,WPN_INSPECT_OUTRO,3.0333,3.4000
weapon_glock,lookat01,6.4333,Sound,Weapon.WeaponMove3,5.8333,0.0000
weapon_glock,reload,2.2667,,,,
weapon_glock,reload,2.2667,ID,WPN_RELOAD_SILENT,0.0000,0.9667
weapon_glock,reload,2.2667,Sound,Weapon_Glock.Clipout,0.4667,0.0000
weapon_glock,reload,2.2667,ID,WPN_DROP_MAG,0.5333,0.0000
weapon_glock,reload,2.2667,Sound,Weapon_Glock.Clipin,0.8333,0.0000
weapon_glock,reload,2.2667,ID,WPN_RELOAD_ADD_AMMO,0.9333,0.0000
weapon_glock,reload,2.2667,Sound,Weapon_Glock.Slideback,1.4667,0.0000
weapon_glock,reload,2.2667,Sound,Weapon_Glock.Sliderelease,1.6667,0.0000
weapon_glock,reload_empty,2.2667,,,,
weapon_glock,reload_empty,2.2667,ID,WPN_RELOAD_SILENT,0.0000,1.2334
weapon_glock,reload_empty,2.2667,Sound,Weapon_Glock.Clipout,0.4667,0.0000
weapon_glock,reload_empty,2.2667,ID,WPN_DROP_MAG,0.6000,0.0000
weapon_glock,reload_empty,2.2667,Sound,Weapon_Glock.Clipin,1.1334,0.0000
weapon_glock,reload_empty,2.2667,ID,WPN_RELOAD_ADD_AMMO,1.2667,0.0000
weapon_glock,reload_empty,2.2667,Sound,Weapon_Glock.Sliderelease,1.5334,0.0000
weapon_glock,shoot1,0.4000,,,,
weapon_glock,shoot1,0.4000,Particle,shell_eject,0.0000,0.0000
weapon_glock,shoot1,0.4000,ID,WPN_BLOCK_INSPECT,0.0000,0.2667
weapon_glock,shoot1,0.4000,Particle,fps_view,0.0000,0.0000
weapon_glock,shoot_empty,0.4000,,,,
weapon_glock,shoot_empty,0.4000,Particle,shell_eject,0.0000,0.0000
weapon_glock,shoot_empty,0.4000,ID,WPN_BLOCK_INSPECT,0.0000,0.2667
weapon_glock,shoot_empty,0.4000,Particle,fps_view,0.0000,0.0000
weapon_hkp2000,draw,1.0000,,,,
weapon_hkp2000,draw,1.0000,Sound,Weapon_hkp2000.Draw,0.0000,1.0000
weapon_hkp2000,draw,1.0000,Sound,Weapon_hkp2000.Slideback_Q,0.3000,0.3333
weapon_hkp2000,draw,1.0000,Sound,Weapon_hkp2000.Sliderelease_Q,0.4667,0.1667
weapon_hkp2000,idle,0.0000,,,,
weapon_hkp2000,idle_slide_back,0.0000,,,,
weapon_hkp2000,lookat01,6.4333,,,,
weapon_hkp2000,lookat01,6.4333,ID,WPN_INSPECT_INTRO,0.0000,1.5333
weapon_hkp2000,lookat01,6.4333,Sound,Weapon.WeaponMove1,0.0667,0.0000
weapon_hkp2000,lookat01,6.4333,ID,WPN_INSPECT_LOOP,1.5333,1.5000
weapon_hkp2000,lookat01,6.4333,ID,WPN_INSPECT_OUTRO,3.0333,3.4000
weapon_hkp2000,lookat01,6.4333,Sound,Weapon.WeaponMove3,5.8333,0.0000
weapon_hkp2000,reload,2.2667,,,,
weapon_hkp2000,reload,2.2667,ID,WPN_RELOAD_SILENT,0.0000,1.4000
weapon_hkp2000,reload,2.2667,Sound,Weapon_hkp2000.Clipout,0.3667,0.0000
weapon_hkp2000,reload,2.2667,ID,WPN_DROP_MAG,0.4333,0.0000
weapon_hkp2000,reload,2.2667,Sound,Weapon_hkp2000.Clipin,0.8333,0.0000
weapon_hkp2000,reload,2.2667,Sound,Weapon_hkp2000.AddAmmo,0.9333,0.0000
weapon_hkp2000,reload,2.2667,ID,WPN_RELOAD_ADD_AMMO,0.9333,0.0000
weapon_hkp2000,reload,2.2667,Sound,Weapon_hkp2000.Slideback,1.4334,0.0000
weapon_hkp2000,reload,2.2667,Sound,Weapon_hkp2000.Sliderelease,1.6334,0.0000
weapon_hkp2000,reload_empty,2.2667,,,,
weapon_hkp2000,reload_empty,2.2667,ID,WPN_RELOAD_SILENT,0.0000,1.5667
weapon_hkp2000,reload_empty,2.2667,Sound,Weapon_hkp2000.Clipout,0.4333,0.0000
weapon_hkp2000,reload_empty,2.2667,ID,WPN_DROP_MAG,0.5000,0.0000
weapon_hkp2000,reload_empty,2.2667,Sound,Weapon_hkp2000.Clipin,1.1334,0.0000
weapon_hkp2000,reload_empty,2.2667,Sound,Weapon_hkp2000.AddAmmo,1.2000,0.0000
weapon_hkp2000,reload_empty,2.2667,ID,WPN_RELOAD_ADD_AMMO,1.2000,0.0000
weapon_hkp2000,reload_empty,2.2667,Sound,Weapon_hkp2000.Sliderelease,1.6000,0.0000
weapon_hkp2000,shoot1,0.4000,,,,
weapon_hkp2000,shoot1,0.4000,Particle,shell_eject,0.0000,0.0000
weapon_hkp2000,shoot1,0.4000,ID,WPN_BLOCK_INSPECT,0.0000,0.2000
weapon_hkp2000,shoot1,0.4000,Particle,fps_view,0.0000,0.0000
weapon_hkp2000,shoot_empty,0.4000,,,,
weapon_hkp2000,shoot_empty,0.4000,Particle,shell_eject,0.0000,0.0000
weapon_hkp2000,shoot_empty,0.4000,ID,WPN_BLOCK_INSPECT,0.0000,0.2000
weapon_hkp2000,shoot_empty,0.4000,Particle,fps_view,0.0000,0.0000
weapon_usp_silencer,draw,1.0000,,,,
weapon_usp_silencer,draw,1.0000,Sound,Weapon_USP.Draw,0.1000,0.7333
weapon_usp_silencer,draw,1.0000,Sound,Weapon_USP.Slideback_Q,0.3000,0.0000
weapon_usp_silencer,draw,1.0000,Sound,Weapon_USP.Sliderelease_Q,0.4667,0.0000
weapon_usp_silencer,draw_silenced,1.0000,,,,
weapon_usp_silencer,draw_silenced,1.0000,Sound,Weapon_USP.Draw,0.1000,0.7333
weapon_usp_silencer,draw_silenced,1.0000,Sound,Weapon_USP.Slideback_Q,0.3000,0.0000
weapon_usp_silencer,draw_silenced,1.0000,Sound,Weapon_USP.Sliderelease_Q,0.4667,0.0000
weapon_usp_silencer,idle,0.0000,,,,
weapon_usp_silencer,idle_slide_back,0.0000,,,,
weapon_usp_silencer,lookat01,6.4333,,,,
weapon_usp_silencer,lookat01,6.4333,ID,WPN_INSPECT_INTRO,0.0000,1.5333
weapon_usp_silencer,lookat01,6.4333,Sound,Weapon.WeaponMove1,0.0667,0.0000
weapon_usp_silencer,lookat01,6.4333,ID,WPN_INSPECT_LOOP,1.5333,1.5000
weapon_usp_silencer,lookat01,6.4333,ID,WPN_INSPECT_OUTRO,3.0333,3.4000
weapon_usp_silencer,lookat01,6.4333,Sound,Weapon.WeaponMove3,5.8333,0.0000
weapon_usp_silencer,reload,2.1667,,,,
weapon_usp_silencer,reload,2.1667,ID,WPN_RELOAD_SILENT,0.0000,0.9667
weapon_usp_silencer,reload,2.1667,Sound,Weapon_USP.Clipout,0.2333,0.0000
weapon_usp_silencer,reload,2.1667,ID,WPN_DROP_MAG,0.3000,0.0000
weapon_usp_silencer,reload,2.1667,Sound,Weapon_USP.Clipin,0.7000,0.0000
weapon_usp_silencer,reload,2.1667,Sound,Weapon_USP.AddAmmo,0.9000,0.0000
weapon_usp_silencer,reload,2.1667,ID,WPN_RELOAD_ADD_AMMO,0.9000,0.0000
weapon_usp_silencer,reload,2.1667,Sound,Weapon_USP.Slideback,1.3667,0.0000
weapon_usp_silencer,reload,2.1667,Sound,Weapon_USP.Sliderelease,1.5334,0.0000
weapon_usp_silencer,reload_empty,2.1667,,,,
weapon_usp_silencer,reload_empty,2.1667,ID,WPN_RELOAD_SILENT,0.0000,1.4000
weapon_usp_silencer,reload_empty,2.1667,Sound,Weapon_USP.Clipout,0.2333,0.0000
weapon_usp_silencer,reload_empty,2.1667,ID,WPN_DROP_MAG,0.3000,0.0000
weapon_usp_silencer,reload_empty,2.1667,Sound,Weapon_USP.Clipin,0.8000,0.0000
weapon_usp_silencer,reload_empty,2.1667,Sound,Weapon_USP.AddAmmo,1.0000,0.0000
weapon_usp_silencer,reload_empty,2.1667,ID,WPN_RELOAD_ADD_AMMO,1.0000,0.0000
weapon_usp_silencer,reload_empty,2.1667,Sound,Weapon_USP.Sliderelease,1.4334,0.0000
weapon_usp_silencer,shoot1,0.4000,,,,
weapon_usp_silencer,shoot1,0.4000,Particle,,0.0000,0.0000
weapon_usp_silencer,shoot1,0.4000,Particle,fps_view,0.0000,0.0000
weapon_usp_silencer,shoot1,0.4000,ID,WPN_BLOCK_INSPECT,0.0000,0.2000
weapon_usp_silencer,shoot1,0.4000,Particle,shell_eject,0.0000,0.0000
weapon_usp_silencer,shoot_empty,0.4000,,,,
weapon_usp_silencer,shoot_empty,0.4000,Particle,,0.0000,0.0000
weapon_usp_silencer,shoot_empty,0.4000,Particle,fps_view,0.0000,0.0000
weapon_usp_silencer,shoot_empty,0.4000,ID,WPN_BLOCK_INSPECT,0.0000,0.2000
weapon_usp_silencer,shoot_empty,0.4000,Particle,shell_eject,0.0000,0.0000
weapon_usp_silencer,silencer_attach,4.8333,,,,
weapon_usp_silencer,silencer_attach,4.8333,Sound,Weapon_USP.SilencerWeaponMove1,0.0667,0.0000
weapon_usp_silencer,silencer_attach,4.8333,ID,WPN_SHOW_SILENCER,0.4000,3.1000
weapon_usp_silencer,silencer_attach,4.8333,Sound,Weapon_USP.SilencerScrewOnStart,1.0667,0.0000
weapon_usp_silencer,silencer_attach,4.8333,Sound,Weapon_USP.SilencerScrew1,1.8333,0.0000
weapon_usp_silencer,silencer_attach,4.8333,Sound,Weapon_USP.SilencerScrew2,2.3000,0.0000
weapon_usp_silencer,silencer_attach,4.8333,Sound,Weapon_USP.SilencerScrew3,2.6666,0.0000
weapon_usp_silencer,silencer_attach,4.8333,Sound,Weapon_USP.SilencerScrew4,3.0333,0.0000
weapon_usp_silencer,silencer_attach,4.8333,Sound,Weapon_USP.SilencerScrew5,3.3000,0.0000
weapon_usp_silencer,silencer_attach,4.8333,ID,WPN_SILENCER_ATTACH,3.3666,0.0000
weapon_usp_silencer,silencer_attach,4.8333,Sound,Weapon_USP.SilencerWeaponMove3,3.7333,0.0000
weapon_usp_silencer,silencer_detach,4.8333,,,,
weapon_usp_silencer,silencer_detach,4.8333,Sound,Weapon_USP.SilencerWeaponMove1,0.3000,0.0000
weapon_usp_silencer,silencer_detach,4.8333,Sound,Weapon_USP.SilencerScrew1,0.9333,0.0000
weapon_usp_silencer,silencer_detach,4.8333,Sound,Weapon_USP.SilencerScrew2,1.6000,0.0000
weapon_usp_silencer,silencer_detach,4.8333,Sound,Weapon_USP.SilencerScrew3,2.0000,0.0000
weapon_usp_silencer,silencer_detach,4.8333,ID,WPN_SHOW_SILENCER,2.3333,1.6000
weapon_usp_silencer,silencer_detach,4.8333,Sound,Weapon_USP.SilencerScrew4,2.3333,0.0000
weapon_usp_silencer,silencer_detach,4.8333,Sound,Weapon_USP.SilencerScrew5,2.6666,0.0000
weapon_usp_silencer,silencer_detach,4.8333,Sound,Weapon_USP.SilencerScrew1,3.1000,0.0000
weapon_usp_silencer,silencer_detach,4.8333,ID,WPN_SILENCER_DETACH,3.3666,0.0000
weapon_usp_silencer,silencer_detach,4.8333,Sound,Weapon_USP.SilencerWeaponMove3,3.8000,0.0000
weapon_elite,draw,1.0000,,,,
weapon_elite,draw,1.0000,Sound,Weapon_ELITE.Draw,0.0000,0.9667
weapon_elite,draw,1.0000,Sound,Weapon_ELITE.Sliderelease_Q,0.4000,0.0000
weapon_elite,draw,1.0000,Sound,Weapon_ELITE.Sliderelease_Q,0.6333,0.0000
weapon_elite,idle,0.0000,,,,
weapon_elite,idle_leftempty,0.0333,,,,
weapon_elite,idle_leftrightempty,0.0333,,,,
weapon_elite,lookat01,4.6000,,,,
weapon_elite,lookat01,4.6000,ID,WPN_INSPECT_INTRO,0.0000,1.4000
weapon_elite,lookat01,4.6000,Sound,Weapon_ELITE.TauntLook1,0.0667,0.0000
weapon_elite,lookat01,4.6000,Sound,Weapon_ELITE.TauntLook2,0.8333,0.0000
weapon_elite,lookat01,4.6000,ID,WPN_INSPECT_LOOP,1.4000,1.2333
weapon_elite,lookat01,4.6000,ID,WPN_INSPECT_OUTRO,2.6333,1.9667
weapon_elite,lookat01,4.6000,Sound,Weapon_ELITE.TauntStartTap,2.7333,0.0000
weapon_elite,lookat01,4.6000,Sound,Weapon_ELITE.TauntTap1,2.9333,0.0000
weapon_elite,lookat01,4.6000,Sound,Weapon_ELITE.TauntTap2,3.1000,0.0000
weapon_elite,lookat01,4.6000,Sound,Weapon_ELITE.TauntTwirl,3.7667,0.0000
weapon_elite,reload,3.7667,,,,
weapon_elite,reload,3.7667,ID,WPN_RELOAD_SILENT,0.0000,3.3000
weapon_elite,reload,3.7667,Sound,Weapon_ELITE.Clipout,0.2667,0.0000
weapon_elite,reload,3.7667,Sound,Weapon_ELITE.Clipout,0.3333,0.0000
weapon_elite,reload,3.7667,ID,WPN_DROP_MAG,0.4333,0.0000
weapon_elite,reload,3.7667,Sound,Weapon_ELITE.Clipin,1.5000,0.0000
weapon_elite,reload,3.7667,Sound,Weapon_ELITE.Clipin.Slide,1.6000,0.0000
weapon_elite,reload,3.7667,Sound,Weapon_ELITE.Lclipin,1.6667,0.0000
weapon_elite,reload,3.7667,Sound,Weapon_ELITE.Clipin,2.7000,0.0000
weapon_elite,reload,3.7667,Sound,Weapon_ELITE.Clipin.Slide,2.7334,0.0000
weapon_elite,reload,3.7667,Sound,Weapon_ELITE.Rclipin,2.8000,0.0000
weapon_elite,reload,3.7667,Sound,Weapon_ELITE.AddAmmo,2.9334,0.0000
weapon_elite,reload,3.7667,ID,WPN_RELOAD_ADD_AMMO,2.9334,0.0000
weapon_elite,reload,3.7667,Sound,Weapon_ELITE.Sliderelease,3.3667,0.0000
weapon_elite,reload,3.7667,Sound,Weapon_ELITE.Sliderelease,3.5334,0.0000
weapon_elite,shoot_left1,0.8333,,,,
weapon_elite,shoot_left1,0.8333,Particle,shell_eject2,0.0000,0.0000
weapon_elite,shoot_left1,0.8333,ID,WPN_BLOCK_INSPECT,0.0000,0.2667
weapon_elite,shoot_left1,0.8333,Particle,alternate_fps,0.0000,0.0000
weapon_elite,shoot_leftlast,0.8333,,,,
weapon_elite,shoot_leftlast,0.8333,Particle,shell_eject2,0.0000,0.0000
weapon_elite,shoot_leftlast,0.8333,ID,WPN_BLOCK_INSPECT,0.0000,0.2667
weapon_elite,shoot_leftlast,0.8333,Particle,alternate_fps,0.0000,0.0000
weapon_elite,shoot_right1,0.8333,,,,
weapon_elite,shoot_right1,0.8333,Particle,shell_eject,0.0000,0.0000
weapon_elite,shoot_right1,0.8333,ID,WPN_BLOCK_INSPECT,0.0000,0.3667
weapon_elite,shoot_right1,0.8333,Particle,primary_fps,0.0000,0.0000
weapon_elite,shoot_rightlast,0.8333,,,,
weapon_elite,shoot_rightlast,0.8333,Particle,shell_eject,0.0000,0.0000
weapon_elite,shoot_rightlast,0.8333,ID,WPN_BLOCK_INSPECT,0.0000,0.3667
weapon_elite,shoot_rightlast,0.8333,Particle,primary_fps,0.0000,0.0000
weapon_elite,ui_keychain,0.0000,,,,
weapon_p250,draw,1.0000,,,,
weapon_p250,draw,1.0000,Sound,Weapon_P250.Draw,0.0000,0.9667
weapon_p250,draw,1.0000,Sound,Weapon_p250.Slideback_Q,0.3333,0.0000
weapon_p250,draw,1.0000,Sound,Weapon_p250.Sliderelease_Q,0.5000,0.0000
weapon_p250,idle,0.0000,,,,
weapon_p250,idle_slide_back,0.0000,,,,
weapon_p250,lookat01,6.4333,,,,
weapon_p250,lookat01,6.4333,ID,WPN_INSPECT_INTRO,0.0000,1.5333
weapon_p250,lookat01,6.4333,ID,WPN_INSPECT_LOOP,1.5333,1.5000
weapon_p250,lookat01,6.4333,ID,WPN_INSPECT_OUTRO,3.0333,3.4000
weapon_p250,reload,2.2667,,,,
weapon_p250,reload,2.2667,ID,WPN_RELOAD_SILENT,0.0000,1.4667
weapon_p250,reload,2.2667,Sound,Weapon_p250.Clipout,0.4000,0.0000
weapon_p250,reload,2.2667,ID,WPN_DROP_MAG,0.4333,0.0000
weapon_p250,reload,2.2667,Sound,Weapon_p250.Clipin,0.8333,0.0000
weapon_p250,reload,2.2667,Sound,Weapon_P250.AddAmmo,0.9333,0.0000
weapon_p250,reload,2.2667,ID,WPN_RELOAD_ADD_AMMO,0.9333,0.0000
weapon_p250,reload,2.2667,Sound,Weapon_p250.Slideback,1.5000,0.0000
weapon_p250,reload,2.2667,Sound,Weapon_p250.Sliderelease,1.6667,0.0000
weapon_p250,reload_empty,2.2667,,,,
weapon_p250,reload_empty,2.2667,ID,WPN_RELOAD_SILENT,0.0000,1.5000
weapon_p250,reload_empty,2.2667,Sound,Weapon_p250.Clipout,0.4667,0.0000
weapon_p250,reload_empty,2.2667,ID,WPN_DROP_MAG,0.5000,0.0000
weapon_p250,reload_empty,2.2667,Sound,Weapon_p250.Clipin,1.1000,0.0000
weapon_p250,reload_empty,2.2667,Sound,Weapon_P250.AddAmmo,1.2000,0.0000
weapon_p250,reload_empty,2.2667,ID,WPN_RELOAD_ADD_AMMO,1.2000,0.0000
weapon_p250,reload_empty,2.2667,Sound,Weapon_p250.Sliderelease,1.5334,0.0000
weapon_p250,shoot1,0.4000,,,,
weapon_p250,shoot1,0.4000,Particle,shell_eject,0.0000,0.0000
weapon_p250,shoot1,0.4000,ID,WPN_BLOCK_INSPECT,0.0000,0.1333
weapon_p250,shoot1,0.4000,Particle,fps_view,0.0000,0.0000
weapon_p250,shoot_empty,0.4000,,,,
weapon_p250,shoot_empty,0.4000,Particle,shell_eject,0.0000,0.0000
weapon_p250,shoot_empty,0.4000,ID,WPN_BLOCK_INSPECT,0.0000,0.1333
weapon_p250,shoot_empty,0.4000,Particle,fps_view,0.0000,0.0000
weapon_tec9,draw,1.0000,,,,
weapon_tec9,draw,1.0000,Sound,Weapon_tec9.Draw,0.0000,0.4333
weapon_tec9,draw,1.0000,Sound,Weapon_tec9.Boltpull_Q,0.2667,0.0000
weapon_tec9,draw,1.0000,Sound,Weapon_tec9.Boltrelease_Q,0.4333,0.0000
weapon_tec9,idle,0.0000,,,,
weapon_tec9,lookat01,4.8333,,,,
weapon_tec9,lookat01,4.8333,ID,WPN_INSPECT_INTRO,0.0000,2.7666
weapon_tec9,lookat01,4.8333,Sound,Weapon.WeaponMove1,0.1000,0.0000
weapon_tec9,lookat01,4.8333,Sound,Weapon.WeaponMove2,1.1000,0.0000
weapon_tec9,lookat01,4.8333,ID,WPN_INSPECT_LOOP,2.7666,1.3333
weapon_tec9,lookat01,4.8333,Sound,Weapon.WeaponMove3,3.8666,0.0000
weapon_tec9,lookat01,4.8333,ID,WPN_INSPECT_OUTRO,4.1000,0.7333
weapon_tec9,reload,2.5667,,,,
weapon_tec9,reload,2.5667,ID,WPN_RELOAD_SILENT,0.0000,1.6667
weapon_tec9,reload,2.5667,Sound,Weapon_tec9.Clipout,0.4667,0.0000
weapon_tec9,reload,2.5667,ID,WPN_DROP_MAG,0.5333,0.0000
weapon_tec9,reload,2.5667,Sound,Weapon_tec9.Clipin,1.3000,0.0000
weapon_tec9,reload,2.5667,Sound,Weapon_tec9.AddAmmo,1.4334,0.0000
weapon_tec9,reload,2.5667,ID,WPN_RELOAD_ADD_AMMO,1.4334,0.0000
weapon_tec9,reload,2.5667,Sound,Weapon_tec9.Boltpull,1.8667,0.0000
weapon_tec9,reload,2.5667,Sound,Weapon_tec9.Boltrelease,2.0000,0.0000
weapon_tec9,shoot1,0.4000,,,,
weapon_tec9,shoot1,0.4000,Particle,shell_eject,0.0000,0.0000
weapon_tec9,shoot1,0.4000,ID,WPN_BLOCK_INSPECT,0.0000,0.2000
weapon_tec9,shoot1,0.4000,Particle,primary_fps,0.0000,0.0000
weapon_tec9,shoot_empty,0.4000,,,,
weapon_tec9,shoot_empty,0.4000,Particle,shell_eject,0.0000,0.0000
weapon_tec9,shoot_empty,0.4000,ID,WPN_BLOCK_INSPECT,0.0000,0.2000
weapon_tec9,shoot_empty,0.4000,Particle,primary_fps,0.0000,0.0000
weapon_fiveseven,draw,1.0000,,,,
weapon_fiveseven,draw,1.0000,Sound,Weapon_FiveSeven.Draw,0.0000,0.9667
weapon_fiveseven,draw,1.0000,Sound,Weapon_FiveSeven.Slideback_Q,0.2333,0.0000
weapon_fiveseven,draw,1.0000,Sound,Weapon_FiveSeven.Sliderelease_Q,0.4667,0.0000
weapon_fiveseven,idle,0.0000,,,,
weapon_fiveseven,idle_slide_back,0.0000,,,,
weapon_fiveseven,lookat01,6.4333,,,,
weapon_fiveseven,lookat01,6.4333,ID,WPN_INSPECT_INTRO,0.0000,1.5333
weapon_fiveseven,lookat01,6.4333,Sound,Weapon.WeaponMove1,0.0667,0.0000
weapon_fiveseven,lookat01,6.4333,ID,WPN_INSPECT_LOOP,1.5333,1.5000
weapon_fiveseven,lookat01,6.4333,ID,WPN_INSPECT_OUTRO,3.0333,3.4000
weapon_fiveseven,lookat01,6.4333,Sound,Weapon.WeaponMove3,5.8333,0.0000
weapon_fiveseven,reload,2.2667,,,,
weapon_fiveseven,reload,2.2667,ID,WPN_RELOAD_SILENT,0.0000,1.4667
weapon_fiveseven,reload,2.2667,ID,WPN_DROP_MAG,0.4333,0.0000
weapon_fiveseven,reload,2.2667,Sound,Weapon_FiveSeven.Clipout,0.4667,0.0000
weapon_fiveseven,reload,2.2667,Sound,Weapon_FiveSeven.Clipin,0.9000,0.0000
weapon_fiveseven,reload,2.2667,Sound,Weapon_FiveSeven.AddAmmo,0.9667,0.0000
weapon_fiveseven,reload,2.2667,ID,WPN_RELOAD_ADD_AMMO,0.9667,0.0000
weapon_fiveseven,reload,2.2667,Sound,Weapon_FiveSeven.Slideback,1.5000,0.0000
weapon_fiveseven,reload,2.2667,Sound,Weapon_FiveSeven.Sliderelease,1.6667,0.0000
weapon_fiveseven,reload_empty,2.2667,,,,
weapon_fiveseven,reload_empty,2.2667,ID,WPN_RELOAD_SILENT,0.0000,1.6000
weapon_fiveseven,reload_empty,2.2667,Sound,Weapon_FiveSeven.Clipout,0.4667,0.0000
weapon_fiveseven,reload_empty,2.2667,ID,WPN_DROP_MAG,0.5000,0.0000
weapon_fiveseven,reload_empty,2.2667,Sound,Weapon_FiveSeven.Clipin,1.1334,0.0000
weapon_fiveseven,reload_empty,2.2667,Sound,Weapon_FiveSeven.AddAmmo,1.2000,0.0000
weapon_fiveseven,reload_empty,2.2667,ID,WPN_RELOAD_ADD_AMMO,1.2000,0.0000
weapon_fiveseven,reload_empty,2.2667,Sound,Weapon_FiveSeven.Sliderelease,1.6334,0.0000
weapon_fiveseven,reload_empty,2.2667,Sound,Weapon_FiveSeven.Slideback,1.6334,0.0000
weapon_fiveseven,shoot1,0.4000,,,,
weapon_fiveseven,shoot1,0.4000,Particle,shell_eject,0.0000,0.0000
weapon_fiveseven,shoot1,0.4000,ID,WPN_BLOCK_INSPECT,0.0000,0.2000
weapon_fiveseven,shoot1,0.4000,Particle,fps_view,0.0000,0.0000
weapon_fiveseven,shoot_empty,0.4000,,,,
weapon_fiveseven,shoot_empty,0.4000,Particle,shell_eject,0.0000,0.0000
weapon_fiveseven,shoot_empty,0.4000,ID,WPN_BLOCK_INSPECT,0.0000,0.2000
weapon_fiveseven,shoot_empty,0.4000,Particle,fps_view,0.0000,0.0000
weapon_cz75a,draw,1.8333,,,,
weapon_cz75a,draw,1.8333,ID,WPN_BLOCK_INSPECT,0.0000,0.7000
weapon_cz75a,draw,1.8333,Sound,Weapon_CZ.Draw,0.0333,0.9666
weapon_cz75a,draw,1.8333,Sound,Weapon_CZ.Clipin_Q,0.5667,0.0000
weapon_cz75a,draw,1.8333,Sound,Weapon_CZ.AddAmmo,0.7000,0.0000
weapon_cz75a,draw,1.8333,Sound,Weapon_CZ.Slideback_Q,1.0666,0.0000
weapon_cz75a,draw,1.8333,Sound,Weapon_CZ.Sliderelease_Q,1.3000,0.0000
weapon_cz75a,draw2,1.8333,,,,
weapon_cz75a,draw2,1.8333,Sound,Weapon_CZ.Draw,0.1000,0.9666
weapon_cz75a,draw2,1.8333,Sound,Weapon_CZ.Slideback_Q,0.8667,0.0000
weapon_cz75a,draw2,1.8333,Sound,Weapon_CZ.Sliderelease_Q,1.0333,0.0000
weapon_cz75a,idle,0.0000,,,,
weapon_cz75a,idle_slide_back,0.0000,,,,
weapon_cz75a,lookat01,6.4333,,,,
weapon_cz75a,lookat01,6.4333,ID,WPN_INSPECT_INTRO,0.0000,1.5333
weapon_cz75a,lookat01,6.4333,ID,WPN_INSPECT_LOOP,1.5333,1.5000
weapon_cz75a,lookat01,6.4333,ID,WPN_INSPECT_OUTRO,3.0333,3.4000
weapon_cz75a,reload,2.7333,,,,
weapon_cz75a,reload,2.7333,ID,WPN_RELOAD_SILENT,0.0000,1.7333
weapon_cz75a,reload,2.7333,ID,WPN_DROP_MAG,0.3000,0.0000
weapon_cz75a,reload,2.7333,Sound,Weapon_CZ.Clipout,0.3667,0.0000
weapon_cz75a,reload,2.7333,Sound,Weapon_CZ.Clipout2,0.7333,0.0000
weapon_cz75a,reload,2.7333,Sound,Weapon_CZ.ClipinSlide,1.3666,0.0000
weapon_cz75a,reload,2.7333,Sound,Weapon_CZ.Clipin,1.4000,0.0000
weapon_cz75a,reload,2.7333,Sound,Weapon_CZ.AddAmmo,1.5666,0.0000
weapon_cz75a,reload,2.7333,ID,WPN_RELOAD_ADD_AMMO,1.5666,0.0000
weapon_cz75a,reload,2.7333,Sound,Weapon_CZ.Slideback,2.0000,0.0000
weapon_cz75a,reload,2.7333,Sound,Weapon_CZ.Sliderelease,2.1666,0.0000
weapon_cz75a,reload2,2.7333,,,,
weapon_cz75a,reload2,2.7333,ID,WPN_RELOAD_SILENT,0.0000,1.4000
weapon_cz75a,reload2,2.7333,Sound,Weapon_CZ.Clipout,0.3667,0.0000
weapon_cz75a,reload2,2.7333,ID,WPN_DROP_MAG,0.4333,0.0000
weapon_cz75a,reload2,2.7333,Sound,Weapon_CZ.Clipin,0.9667,0.0000
weapon_cz75a,reload2,2.7333,Sound,Weapon_CZ.ClipinSlide,1.1333,0.0000
weapon_cz75a,reload2,2.7333,Sound,Weapon_CZ.AddAmmo,1.2333,0.0000
weapon_cz75a,reload2,2.7333,ID,WPN_RELOAD_ADD_AMMO,1.2333,0.0000
weapon_cz75a,reload2,2.7333,Sound,Weapon_CZ.Slideback,1.8666,0.0000
weapon_cz75a,reload2,2.7333,Sound,Weapon_CZ.Sliderelease,2.0333,0.0000
weapon_cz75a,reload2_empty,2.7333,,,,
weapon_cz75a,reload2_empty,2.7333,ID,WPN_RELOAD_SILENT,0.0000,1.9666
weapon_cz75a,reload2_empty,2.7333,ID,WPN_DROP_MAG,0.4667,0.0000
weapon_cz75a,reload2_empty,2.7333,Sound,Weapon_CZ.Clipout,0.5000,0.0000
weapon_cz75a,reload2_empty,2.7333,Sound,Weapon_CZ.Clipin,1.2000,0.0000
weapon_cz75a,reload2_empty,2.7333,Sound,Weapon_CZ.ClipinSlide,1.5666,0.0000
weapon_cz75a,reload2_empty,2.7333,Sound,Weapon_CZ.AddAmmo,1.7000,0.0000
weapon_cz75a,reload2_empty,2.7333,ID,WPN_RELOAD_ADD_AMMO,1.7000,0.0000
weapon_cz75a,reload2_empty,2.7333,Sound,Weapon_CZ.Sliderelease,2.0000,0.0000
weapon_cz75a,reload_empty,2.7333,,,,
weapon_cz75a,reload_empty,2.7333,ID,WPN_RELOAD_SILENT,0.0000,1.8666
weapon_cz75a,reload_empty,2.7333,ID,WPN_DROP_MAG,0.3333,0.0000
weapon_cz75a,reload_empty,2.7333,Sound,Weapon_CZ.Clipout,0.4000,0.0000
weapon_cz75a,reload_empty,2.7333,Sound,Weapon_CZ.Clipout2,0.8667,0.0000
weapon_cz75a,reload_empty,2.7333,Sound,Weapon_CZ.Clipin,1.4333,0.0000
weapon_cz75a,reload_empty,2.7333,Sound,Weapon_CZ.ClipinSlide,1.4666,0.0000
weapon_cz75a,reload_empty,2.7333,Sound,Weapon_CZ.AddAmmo,1.6666,0.0000
weapon_cz75a,reload_empty,2.7333,ID,WPN_RELOAD_ADD_AMMO,1.6666,0.0000
weapon_cz75a,reload_empty,2.7333,Sound,Weapon_CZ.Sliderelease,1.9333,0.0000
weapon_cz75a,shoot1,0.4000,,,,
weapon_cz75a,shoot1,0.4000,Particle,fps_view,0.0000,0.0000
weapon_cz75a,shoot1,0.4000,ID,WPN_BLOCK_INSPECT,0.0000,0.2000
weapon_cz75a,shoot1,0.4000,Particle,shell_eject,0.0000,0.0000
weapon_cz75a,shoot_empty,0.4000,,,,
weapon_cz75a,shoot_empty,0.4000,Particle,fps_view,0.0000,0.0000
weapon_cz75a,shoot_empty,0.4000,ID,WPN_BLOCK_INSPECT,0.0000,0.2000
weapon_cz75a,shoot_empty,0.4000,Particle,shell_eject,0.0000,0.0000
weapon_deagle,draw,1.0000,,,,
weapon_deagle,draw,1.0000,ID,WPN_INSPECT_USE_DRAW_VERSION,0.0000,0.6667
weapon_deagle,draw,1.0000,Sound,Weapon_DEagle.Draw,0.0000,1.0000
weapon_deagle,draw,1.0000,ID,WPN_BLOCK_INSPECT,0.0667,0.4333
weapon_deagle,idle,0.0000,,,,
weapon_deagle,idle_slide_back,0.0000,,,,
weapon_deagle,lookat01,5.6667,,,,
weapon_deagle,lookat01,5.6667,ID,WPN_INSPECT_INTRO,0.0000,2.9334
weapon_deagle,lookat01,5.6667,Sound,Weapon_DEagle.WeaponMove1,0.0667,0.0000
weapon_deagle,lookat01,5.6667,ID,WPN_DISABLE_LEFT_HAND_IK,0.3000,4.7000
weapon_deagle,lookat01,5.6667,Sound,Weapon_DEagle.WeaponMove3,1.2667,0.0000
weapon_deagle,lookat01,5.6667,Sound,Weapon_DEagle.WeaponMove4,1.4333,0.0000
weapon_deagle,lookat01,5.6667,ID,WPN_INSPECT_LOOP,2.9334,1.3333
weapon_deagle,lookat01,5.6667,ID,WPN_INSPECT_OUTRO,4.2667,1.4000
weapon_deagle,lookat01,5.6667,Sound,Weapon_DEagle.WeaponMove2,4.3667,0.0000
weapon_deagle,lookat01,5.6667,Sound,Weapon_DEagle.WeaponMove4,4.5667,0.0000
weapon_deagle,lookat02,8.5000,,,,
weapon_deagle,lookat02,8.5000,ID,WPN_INSPECT_INTRO,0.0333,2.7333
weapon_deagle,lookat02,8.5000,ID,WPN_DISABLE_LEFT_HAND_IK,0.2667,4.8333
weapon_deagle,lookat02,8.5000,Sound,Weapon_DEagle.LookAt009,0.3000,0.0000
weapon_deagle,lookat02,8.5000,Sound,Weapon_DEagle.LookAt036,1.2000,0.0000
weapon_deagle,lookat02,8.5000,Sound,Weapon_DEagle.LookAt057,1.9000,0.0000
weapon_deagle,lookat02,8.5000,Sound,Weapon_DEagle.LookAt081,2.7000,0.0000
weapon_deagle,lookat02,8.5000,ID,WPN_INSPECT_LOOP,2.7667,0.9000
weapon_deagle,lookat02,8.5000,ID,WPN_INSPECT_OUTRO,3.6667,4.8333
weapon_deagle,lookat02,8.5000,Sound,Weapon_DEagle.LookAt111,3.7000,0.0000
weapon_deagle,lookat02,8.5000,Sound,Weapon_DEagle.LookAt133,4.4333,0.0000
weapon_deagle,lookat02,8.5000,Sound,Weapon_DEagle.LookAt166,5.5333,0.0000
weapon_deagle,lookat02,8.5000,Sound,Weapon_DEagle.LookAt193,6.4333,0.0000
weapon_deagle,lookat02,8.5000,Sound,Weapon_DEagle.LookAt228,7.6000,0.0000
weapon_deagle,reload,2.2000,,,,
weapon_deagle,reload,2.2000,ID,WPN_RELOAD_SILENT,0.0000,0.9333
weapon_deagle,reload,2.2000,Sound,Weapon_DEagle.Clipout,0.1333,0.0000
weapon_deagle,reload,2.2000,ID,WPN_DROP_MAG,0.4000,0.0000
weapon_deagle,reload,2.2000,Sound,Weapon_DEagle.Clipin,0.7000,0.0000
weapon_deagle,reload,2.2000,Sound,Weapon_DEagle.AddAmmo,0.7667,0.0000
weapon_deagle,reload,2.2000,ID,WPN_RELOAD_ADD_AMMO,0.7667,0.0000
weapon_deagle,reload,2.2000,Sound,Weapon_DEagle.Slideback,1.3667,0.0000
weapon_deagle,reload,2.2000,Sound,Weapon_DEagle.Slideforward,1.5667,0.0000
weapon_deagle,reload_empty,2.2000,,,,
weapon_deagle,reload_empty,2.2000,ID,WPN_RELOAD_SILENT,0.0000,1.4667
weapon_deagle,reload_empty,2.2000,Sound,Weapon_DEagle.Clipout,0.2000,0.0000
weapon_deagle,reload_empty,2.2000,ID,WPN_DROP_MAG,0.5000,0.0000
weapon_deagle,reload_empty,2.2000,Sound,Weapon_DEagle.Clipin,0.9333,0.0000
weapon_deagle,reload_empty,2.2000,Sound,Weapon_DEagle.AddAmmo,1.0333,0.0000
weapon_deagle,reload_empty,2.2000,ID,WPN_RELOAD_ADD_AMMO,1.0333,0.0000
weapon_deagle,reload_empty,2.2000,Sound,Weapon_DEagle.Slideforward,1.5000,0.0000
weapon_deagle,reload_empty,2.2000,Sound,Weapon_DEagle.Slideback,1.5333,0.0000
weapon_deagle,shoot1,0.7000,,,,
weapon_deagle,shoot1,0.7000,ID,WPN_BLOCK_INSPECT,0.0000,0.3333
weapon_deagle,shoot1,0.7000,Particle,shell_eject,0.0000,0.0000
weapon_deagle,shoot1,0.7000,Particle,fps_view,0.0000,0.0000
weapon_deagle,shoot_empty,0.7000,,,,
weapon_deagle,shoot_empty,0.7000,ID,WPN_BLOCK_INSPECT,0.0000,0.3333
weapon_deagle,shoot_empty,0.7000,Particle,shell_eject,0.0000,0.0000
weapon_deagle,shoot_empty,0.7000,Particle,fps_view,0.0000,0.0000
weapon_revolver,chamber_position_anim_revolver_0,0.3000,,,,
weapon_revolver,chamber_position_anim_revolver_1,0.3000,,,,
weapon_revolver,chamber_position_anim_revolver_2,0.3000,,,,
weapon_revolver,chamber_position_anim_revolver_3,0.3000,,,,
weapon_revolver,chamber_position_anim_revolver_4,0.3000,,,,
weapon_revolver,chamber_position_anim_revolver_5,0.3000,,,,
weapon_revolver,chamber_position_anim_revolver_6,0.3000,,,,
weapon_revolver,chamber_position_anim_revolver_7,0.3000,,,,
weapon_revolver,draw,1.1667,,,,
weapon_revolver,draw,1.1667,ID,WPN_BLOCK_INSPECT,0.0000,0.5333
weapon_revolver,draw,1.1667,ID,WPN_INSPECT_USE_DRAW_VERSION,0.0000,0.6000
weapon_revolver,draw,1.1667,Sound,Weapon_Revolver.Draw,0.1000,0.5667
weapon_revolver,draw,1.1667,Sound,Weapon_Revolver.Siderelease_Q,0.4333,0.0000
weapon_revolver,draw,1.1667,Sound,Weapon_Revolver.Clipin_Q,0.7334,0.0000
weapon_revolver,draw,1.1667,Sound,Weapon_Revolver.BarrelRoll_Q,0.8334,0.0000
weapon_revolver,draw,1.1667,Sound,Weapon_Revolver.Sideback_Q,0.9000,0.0000
weapon_revolver,draw_2,1.1667,,,,
weapon_revolver,draw_2,1.1667,ID,WPN_BLOCK_INSPECT,0.0000,0.4333
weapon_revolver,draw_2,1.1667,ID,WPN_INSPECT_USE_DRAW_VERSION,0.0000,0.8667
weapon_revolver,draw_2,1.1667,Sound,Weapon_Revolver.Draw,0.1333,0.5667
weapon_revolver,draw_2,1.1667,Sound,Weapon_Revolver.Clipin_Q,0.4667,0.0000
weapon_revolver,draw_2,1.1667,ID,WPN_BLOCK_INSPECT,0.5333,0.4000
weapon_revolver,draw_2,1.1667,Sound,Weapon_Revolver.Sideback_Q,1.0000,0.0000
weapon_revolver,dryfire,0.3000,,,,
weapon_revolver,dryfire,0.3000,Sound,Weapon_Revolver.Sideback,0.0333,0.0000
weapon_revolver,idle,7.5000,,,,
weapon_revolver,lookat01,5.8333,,,,
weapon_revolver,lookat01,5.8333,ID,WPN_INSPECT_INTRO,0.0000,1.6667
weapon_revolver,lookat01,5.8333,Sound,Weapon.WeaponMove3,0.1667,0.0000
weapon_revolver,lookat01,5.8333,ID,WPN_INSPECT_LOOP,1.6667,3.3333
weapon_revolver,lookat01,5.8333,ID,WPN_INSPECT_OUTRO,5.0000,0.8333
weapon_revolver,lookat01,5.8333,Sound,Weapon.WeaponMove2,5.1666,0.0000
weapon_revolver,prepare_shoot,0.9667,,,,
weapon_revolver,prepare_shoot,0.9667,ID,WPN_BLOCK_INSPECT,0.0000,0.9667
weapon_revolver,prepare_shoot,0.9667,Sound,Weapon_Revolver.Prepare,0.0000,0.0000
weapon_revolver,prepare_shoot,0.9667,Legacy,,0.0000,0.0000
weapon_revolver,reload,2.2667,,,,
weapon_revolver,reload,2.2667,ID,WPN_RELOAD_SILENT,0.0000,1.8334
weapon_revolver,reload,2.2667,Sound,Weapon_Revolver.BarrelRoll,0.1000,0.0000
weapon_revolver,reload,2.2667,Sound,Weapon_Revolver.Siderelease,0.1000,0.0000
weapon_revolver,reload,2.2667,ID,WPN_DROP_MAG,0.6333,0.0000
weapon_revolver,reload,2.2667,Sound,Weapon_Revolver.Siderelease,0.6333,0.0000
weapon_revolver,reload,2.2667,Sound,Weapon_Revolver.Clipout,0.7000,0.0000
weapon_revolver,reload,2.2667,Sound,Weapon_Revolver.Clipin,1.2000,0.0000
weapon_revolver,reload,2.2667,Sound,Weapon_Revolver.BarrelRoll,1.5667,0.0000
weapon_revolver,reload,2.2667,Sound,Weapon_Revolver.Sideback,1.9667,0.0000
weapon_revolver,reload,2.2667,ID,WPN_RELOAD_ADD_AMMO,1.9667,0.0000
weapon_revolver,shoot1,0.7000,,,,
weapon_revolver,shoot1,0.7000,ID,WPN_BLOCK_INSPECT,0.0000,0.5667
weapon_revolver,shoot1,0.7000,Particle,fps_view,0.0000,0.0000
weapon_revolver,shoot_alt1,1.0000,,,,
weapon_revolver,shoot_alt1,1.0000,ID,WPN_BLOCK_INSPECT,0.0000,0.5667
weapon_revolver,shoot_alt1,1.0000,Particle,fps_view,0.0000,0.0000
weapon_nova,draw,1.0000,,,,
weapon_nova,draw,1.0000,Sound,Weapon_nova.Draw,0.0000,0.7333
weapon_nova,draw,1.0000,Sound,Weapon_Nova.Pump_Q,0.4667,0.0000
weapon_nova,idle,0.0000,,,,
weapon_nova,lookat01,5.6000,,,,
weapon_nova,lookat01,5.6000,ID,WPN_INSPECT_INTRO,0.0333,3.1667
weapon_nova,lookat01,5.6000,Sound,Weapon_Nova.WeaponMove1,0.0667,0.0000
weapon_nova,lookat01,5.6000,Sound,Weapon_Nova.WeaponMove2,1.4667,0.0000
weapon_nova,lookat01,5.6000,ID,WPN_INSPECT_LOOP,3.2000,1.5667
weapon_nova,lookat01,5.6000,Sound,Weapon_Nova.WeaponMove3,3.9000,0.0000
weapon_nova,lookat01,5.6000,ID,WPN_INSPECT_OUTRO,4.7667,0.8333
weapon_nova,reload,1.6333,,,,
weapon_nova,reload,1.6333,ID,WPN_RELOAD_INTRO,0.0000,0.3667
weapon_nova,reload,1.6333,ID,WPN_RELOAD_SILENT,0.0000,1.1333
weapon_nova,reload,1.6333,ID,WPN_RELOAD_LOOP,0.3667,0.4333
weapon_nova,reload,1.6333,Sound,Weapon_Nova.Insertshell,0.3667,0.0000
weapon_nova,reload,1.6333,Sound,Weapon_Nova.AddAmmo,0.6333,0.0000
weapon_nova,reload,1.6333,ID,WPN_RELOAD_ADD_AMMO,0.6667,0.0000
weapon_nova,reload,1.6333,ID,WPN_RELOAD_OUTRO,0.8000,0.8333
weapon_nova,reload,1.6333,Sound,Weapon_Nova.Pump,1.1666,0.0000
weapon_nova,shoot1,0.8000,,,,
weapon_nova,shoot1,0.8000,ID,WPN_BLOCK_INSPECT,0.0000,0.7000
weapon_nova,shoot1,0.8000,Particle,fps_fire,0.0000,0.0000
weapon_nova,shoot1,0.8000,Sound,Weapon_Nova.Pump_Q,0.2333,0.0000
weapon_nova,shoot1,0.8000,Particle,shell_eject,0.3333,0.0000
weapon_xm1014,bullet_hide,0.1333,,,,
weapon_xm1014,draw,1.0000,,,,
weapon_xm1014,draw,1.0000,Sound,Weapon_XM1014.WeaponMove1,0.0000,0.5333
weapon_xm1014,draw,1.0000,Sound,Weapon_XM1014.Draw,0.2333,0.4000
weapon_xm1014,draw,1.0000,Sound,Weapon_XM1014.Grab,0.6000,0.0000
weapon_xm1014,idle,0.0000,,,,
weapon_xm1014,lookat01,4.6000,,,,
weapon_xm1014,lookat01,4.6000,ID,WPN_INSPECT_INTRO,0.0000,1.0000
weapon_xm1014,lookat01,4.6000,Sound,Weapon_XM1014.WeaponMove3,0.0667,0.0000
weapon_xm1014,lookat01,4.6000,ID,WPN_INSPECT_LOOP,1.0000,1.1667
weapon_xm1014,lookat01,4.6000,ID,WPN_INSPECT_OUTRO,2.1667,2.4000
weapon_xm1014,lookat01,4.6000,Sound,Weapon_XM1014.WeaponMove1,2.2000,0.0000
weapon_xm1014,lookat01,4.6000,Sound,Weapon_XM1014.WeaponMove2,3.4667,0.0000
weapon_xm1014,reload,1.7333,,,,
weapon_xm1014,reload,1.7333,ID,WPN_RELOAD_INTRO,0.0000,0.7000
weapon_xm1014,reload,1.7333,ID,WPN_RELOAD_SILENT,0.0000,1.7333
weapon_xm1014,reload,1.7333,Sound,Weapon_XM1014.WeaponMove1,0.0333,0.0000
weapon_xm1014,reload,1.7333,ID,WPN_RELOAD_LOOP,0.7000,0.6000
weapon_xm1014,reload,1.7333,Sound,Weapon_XM1014.InsertShell,0.7333,0.0000
weapon_xm1014,reload,1.7333,Sound,Weapon_XM1014.AddAmmo,1.0333,0.0000
weapon_xm1014,reload,1.7333,ID,WPN_RELOAD_ADD_AMMO,1.0333,0.0000
weapon_xm1014,reload,1.7333,ID,WPN_RELOAD_OUTRO,1.3000,0.4333
weapon_xm1014,reload,1.7333,Sound,Weapon_XM1014.WeaponMove1,1.3333,0.0000
weapon_xm1014,shoot1,0.8667,,,,
weapon_xm1014,shoot1,0.8667,ID,WPN_BLOCK_INSPECT,0.0000,0.5667
weapon_xm1014,shoot1,0.8667,Particle,fps_fire,0.0000,0.0000
weapon_xm1014,shoot1,0.8667,Particle,shell_eject,0.1000,0.0000
weapon_sawedoff,draw,1.0000,,,,
weapon_sawedoff,draw,1.0000,Sound,Weapon_Sawedoff.Draw,0.0000,0.4667
weapon_sawedoff,draw,1.0000,Sound,Weapon_Sawedoff.Pump_Q,0.4667,0.0000
weapon_sawedoff,idle,0.0000,,,,
weapon_sawedoff,lookat01,5.7667,,,,
weapon_sawedoff,lookat01,5.7667,ID,WPN_INSPECT_INTRO,0.0000,1.3333
weapon_sawedoff,lookat01,5.7667,Sound,Weapon_Sawedoff.WeaponMove1,0.0667,0.0000
weapon_sawedoff,lookat01,5.7667,ID,WPN_INSPECT_LOOP,1.3333,1.6667
weapon_sawedoff,lookat01,5.7667,ID,WPN_INSPECT_OUTRO,3.0000,2.7667
weapon_sawedoff,lookat01,5.7667,Sound,Weapon_Sawedoff.WeaponMove2,3.1667,0.0000
weapon_sawedoff,lookat01,5.7667,Sound,Weapon_Sawedoff.WeaponMove3,4.8334,0.0000
weapon_sawedoff,reload,1.7333,,,,
weapon_sawedoff,reload,1.7333,ID,WPN_RELOAD_INTRO,0.0000,0.4000
weapon_sawedoff,reload,1.7333,ID,WPN_RELOAD_SILENT,0.0000,0.8000
weapon_sawedoff,reload,1.7333,ID,WPN_RELOAD_LOOP,0.4000,0.5333
weapon_sawedoff,reload,1.7333,Sound,Weapon_Sawedoff.InsertShell,0.4333,0.0000
weapon_sawedoff,reload,1.7333,Sound,Weapon_Sawedoff.AddAmmo,0.6667,0.0000
weapon_sawedoff,reload,1.7333,ID,WPN_RELOAD_ADD_AMMO,0.6667,0.0000
weapon_sawedoff,reload,1.7333,ID,WPN_RELOAD_OUTRO,0.9333,0.8000
weapon_sawedoff,reload,1.7333,Sound,Weapon_Sawedoff.Pump_Q,1.3000,0.0000
weapon_sawedoff,shoot1,0.8000,,,,
weapon_sawedoff,shoot1,0.8000,ID,WPN_BLOCK_INSPECT,0.0000,0.3667
weapon_sawedoff,shoot1,0.8000,Particle,fps_fire,0.0000,0.0000
weapon_sawedoff,shoot1,0.8000,Sound,Weapon_Sawedoff.Pump_Q,0.1667,0.0000
weapon_sawedoff,shoot1,0.8000,Particle,shell_eject,0.2333,0.0000
weapon_mag7,draw,1.0000,,,,
weapon_mag7,draw,1.0000,Sound,Weapon_MAG7.Draw,0.0000,0.4333
weapon_mag7,draw,1.0000,Sound,Weapon_Mag7.WeaponMove,0.0333,0.5667
weapon_mag7,draw,1.0000,Sound,Weapon_MAG7.PumpBack_Q,0.5000,0.0000
weapon_mag7,draw,1.0000,Sound,Weapon_MAG7.PumpForward_Q,0.6000,0.0000
weapon_mag7,idle,0.0000,,,,
weapon_mag7,lookat01,4.2333,,,,
weapon_mag7,lookat01,4.2333,ID,WPN_INSPECT_INTRO,0.0000,0.6333
weapon_mag7,lookat01,4.2333,Sound,Weapon_sg556.WeaponMove1,0.0667,0.0000
weapon_mag7,lookat01,4.2333,ID,WPN_INSPECT_LOOP,0.6333,1.1333
weapon_mag7,lookat01,4.2333,Sound,Weapon_sg556.WeaponMove2,1.7333,0.0000
weapon_mag7,lookat01,4.2333,ID,WPN_INSPECT_OUTRO,1.7667,2.4666
weapon_mag7,lookat01,4.2333,Sound,Weapon_sg556.WeaponMove3,2.6333,0.0000
weapon_mag7,reload,2.4667,,,,
weapon_mag7,reload,2.4667,ID,WPN_RELOAD_SILENT,0.0000,1.2000
weapon_mag7,reload,2.4667,Sound,Weapon_MAG7.Clipout,0.3000,0.0000
weapon_mag7,reload,2.4667,ID,WPN_DROP_MAG,0.6333,0.0000
weapon_mag7,reload,2.4667,Sound,Weapon_Mag7.WeaponMove,0.7000,0.0000
weapon_mag7,reload,2.4667,Sound,Weapon_MAG7.Clipin,0.9667,0.0000
weapon_mag7,reload,2.4667,Sound,Weapon_Mag7.AddAmmo,1.0667,0.0000
weapon_mag7,reload,2.4667,ID,WPN_RELOAD_ADD_AMMO,1.0667,0.0000
weapon_mag7,reload,2.4667,Sound,Weapon_MAG7.PumpBack,1.6667,0.0000
weapon_mag7,reload,2.4667,Sound,Weapon_MAG7.PumpForward,1.9000,0.0000
weapon_mag7,shoot1,1.2000,,,,
weapon_mag7,shoot1,1.2000,Particle,fps_fire,0.0000,0.0000
weapon_mag7,shoot1,1.2000,ID,WPN_BLOCK_INSPECT,0.0000,0.7667
weapon_mag7,shoot1,1.2000,Sound,Weapon_MAG7.PumpBack,0.1333,0.0000
weapon_mag7,shoot1,1.2000,Particle,shell_eject,0.3333,0.0000
weapon_mag7,shoot1,1.2000,Sound,Weapon_MAG7.PumpForward,0.4000,0.0000
weapon_mac10,draw,1.0000,,,,
weapon_mac10,draw,1.0000,Sound,Weapon_MAC10.Draw,0.0667,0.8000
weapon_mac10,draw,1.0000,Sound,Weapon_MAC10.BoltBack_Q,0.3667,0.0000
weapon_mac10,draw,1.0000,Sound,Weapon_MAC10.BoltForward_Q,0.5000,0.0000
weapon_mac10,idle,0.0000,,,,
weapon_mac10,lookat01,5.2667,,,,
weapon_mac10,lookat01,5.2667,ID,WPN_INSPECT_INTRO,0.0000,3.1000
weapon_mac10,lookat01,5.2667,Sound,Weapon_MAC10.WeaponMove1,0.0667,0.0000
weapon_mac10,lookat01,5.2667,Sound,Weapon_MAC10.WeaponMove2,1.8000,0.0000
weapon_mac10,lookat01,5.2667,ID,WPN_INSPECT_LOOP,3.1000,1.3333
weapon_mac10,lookat01,5.2667,ID,WPN_INSPECT_OUTRO,4.4334,0.8333
weapon_mac10,lookat01,5.2667,Sound,Weapon_MAC10.WeaponMove3,4.5000,0.0000
weapon_mac10,reload,2.5667,,,,
weapon_mac10,reload,2.5667,ID,WPN_RELOAD_SILENT,0.0000,1.3334
weapon_mac10,reload,2.5667,Sound,Weapon_MAC10.Clipout,0.4333,0.0000
weapon_mac10,reload,2.5667,ID,WPN_DROP_MAG,0.6667,0.0000
weapon_mac10,reload,2.5667,Sound,Weapon_MAC10.Clipin,1.0333,0.0000
weapon_mac10,reload,2.5667,Sound,Weapon_MAC10.Clip.Slide,1.1000,0.0000
weapon_mac10,reload,2.5667,Sound,Weapon_MAC10.AddAmmo,1.2000,0.0000
weapon_mac10,reload,2.5667,ID,WPN_RELOAD_ADD_AMMO,1.2000,0.0000
weapon_mac10,reload,2.5667,Sound,Weapon_MAC10.BoltBack,1.8000,0.0000
weapon_mac10,reload,2.5667,Sound,Weapon_MAC10.BoltForward,2.0000,0.0000
weapon_mac10,shoot1,0.8000,,,,
weapon_mac10,shoot1,0.8000,Particle,fps_view,0.0000,0.0000
weapon_mac10,shoot1,0.8000,ID,WPN_BLOCK_INSPECT,0.0000,0.2667
weapon_mac10,shoot1,0.8000,Particle,shell_eject,0.0000,0.0000
weapon_mp9,draw,1.2000,,,,
weapon_mp9,draw,1.2000,Sound,Weapon_MP9.Draw,0.0000,0.5000
weapon_mp9,draw,1.2000,Sound,Weapon_MP9.WeaponMove3,0.0333,0.7000
weapon_mp9,draw,1.2000,Sound,Weapon_MP9.BoltBack_Q,0.3333,0.0000
weapon_mp9,draw,1.2000,Sound,Weapon_MP9.BoltForward_Q,0.5333,0.0000
weapon_mp9,idle,0.0000,,,,
weapon_mp9,lookat01,7.3333,,,,
weapon_mp9,lookat01,7.3333,ID,WPN_INSPECT_INTRO,0.0000,1.5333
weapon_mp9,lookat01,7.3333,Sound,Weapon_MP9.WeaponMove1,0.0667,0.0000
weapon_mp9,lookat01,7.3333,ID,WPN_INSPECT_LOOP,1.5333,1.5000
weapon_mp9,lookat01,7.3333,ID,WPN_INSPECT_OUTRO,3.0333,4.3000
weapon_mp9,lookat01,7.3333,Sound,Weapon_MP9.WeaponMove2,4.3333,0.0000
weapon_mp9,lookat01,7.3333,Sound,Weapon_MP9.WeaponMove1,5.3333,0.0000
weapon_mp9,lookat01,7.3333,Sound,Weapon_MP9.WeaponMove3,6.1000,0.0000
weapon_mp9,reload,2.1333,,,,
weapon_mp9,reload,2.1333,ID,WPN_RELOAD_SILENT,0.0000,1.0000
weapon_mp9,reload,2.1333,Sound,Weapon_MP9.Clipout,0.2333,0.0000
weapon_mp9,reload,2.1333,ID,WPN_DROP_MAG,0.4333,0.0000
weapon_mp9,reload,2.1333,Sound,Weapon_MP9.Clipin,0.7667,0.0000
weapon_mp9,reload,2.1333,Sound,Weapon_MP9.Clip.Slide,0.8000,0.0000
weapon_mp9,reload,2.1333,Sound,Weapon_MP9.AddAmmo,0.8667,0.0000
weapon_mp9,reload,2.1333,ID,WPN_RELOAD_ADD_AMMO,0.8667,0.0000
weapon_mp9,reload,2.1333,Sound,Weapon_MP9.BoltBack,1.3333,0.0000
weapon_mp9,reload,2.1333,Sound,Weapon_MP9.BoltForward,1.5666,0.0000
weapon_mp9,shoot1,0.8333,,,,
weapon_mp9,shoot1,0.8333,Particle,fps_view,0.0000,0.0000
weapon_mp9,shoot1,0.8333,ID,WPN_BLOCK_INSPECT,0.0000,0.4000
weapon_mp9,shoot1,0.8333,Particle,shell_eject,0.0000,0.0000
weapon_mp7,draw,1.0000,,,,
weapon_mp7,draw,1.0000,Sound,Weapon_MP7.Draw,0.0000,0.7000
weapon_mp7,draw,1.0000,Sound,Weapon_MP7.Slideback_Q,0.2000,0.0000
weapon_mp7,draw,1.0000,Sound,Weapon_MP7.SlideForward_Q,0.4000,0.0000
weapon_mp7,idle,0.0000,,,,
weapon_mp7,lookat01,6.6667,,,,
weapon_mp7,lookat01,6.6667,ID,WPN_INSPECT_INTRO,0.0000,1.5333
weapon_mp7,lookat01,6.6667,Sound,Weapon_MP7.WeaponMove1,0.0667,0.0000
weapon_mp7,lookat01,6.6667,ID,WPN_INSPECT_LOOP,1.5333,1.5000
weapon_mp7,lookat01,6.6667,ID,WPN_INSPECT_OUTRO,3.0333,3.6334
weapon_mp7,lookat01,6.6667,Sound,Weapon_MP7.WeaponMove1,4.1667,0.0000
weapon_mp7,lookat01,6.6667,Sound,Weapon_MP7.WeaponMove2,4.3334,0.0000
weapon_mp7,lookat01,6.6667,Sound,Weapon_MP7.WeaponMove3,5.4334,0.0000
weapon_mp7,reload,3.1333,,,,
weapon_mp7,reload,3.1333,Sound,Weapon_MP7.Clipout,0.3000,0.0000
weapon_mp7,reload,3.1333,ID,WPN_DROP_MAG,0.5333,0.0000
weapon_mp7,reload,3.1333,Sound,Weapon_MP7.Clipin,1.3000,0.0000
weapon_mp7,reload,3.1333,Sound,Weapon_MP7.AddAmmo,1.4333,0.0000
weapon_mp7,reload,3.1333,ID,WPN_RELOAD_ADD_AMMO,1.4333,0.0000
weapon_mp7,reload,3.1333,Sound,Weapon_MP7.Slideback,2.1000,0.0000
weapon_mp7,reload,3.1333,Sound,Weapon_MP7.SlideForward,2.3666,0.0000
weapon_mp7,shoot1,0.8000,,,,
weapon_mp7,shoot1,0.8000,Particle,shell_eject,0.0000,0.0000
weapon_mp7,shoot1,0.8000,ID,WPN_BLOCK_INSPECT,0.0000,0.3333
weapon_mp7,shoot1,0.8000,Particle,fps_view,0.0000,0.0000
weapon_mp5sd,draw,1.0000,,,,
weapon_mp5sd,draw,1.0000,Sound,Weapon_MP5.WeaponMove1,0.0000,0.4333
weapon_mp5sd,draw,1.0000,Sound,Weapon_MP5.Draw,0.0333,0.4333
weapon_mp5sd,draw,1.0000,Sound,Weapon_MP5.Hit,0.5333,0.0000
weapon_mp5sd,draw2,1.0000,,,,
weapon_mp5sd,draw2,1.0000,Sound,Weapon_MP5.WeaponMove1,0.0000,0.4333
weapon_mp5sd,draw2,1.0000,Sound,Weapon_MP5.Draw,0.1333,0.4333
weapon_mp5sd,draw2,1.0000,Sound,Weapon_MP5.Hit,0.5000,0.0000
weapon_mp5sd,draw2,1.0000,Sound,Weapon_MP5.SlideForward_Q,0.5333,0.0000
weapon_mp5sd,idle,0.0000,,,,
weapon_mp5sd,lookat01,7.6667,,,,
weapon_mp5sd,lookat01,7.6667,ID,WPN_INSPECT_INTRO,0.0000,2.2000
weapon_mp5sd,lookat01,7.6667,Sound,Weapon_MP5.Draw,0.0667,0.0000
weapon_mp5sd,lookat01,7.6667,ID,WPN_INSPECT_LOOP,2.2000,2.5000
weapon_mp5sd,lookat01,7.6667,Sound,Weapon_MP5.WeaponMove1,4.1667,0.0000
weapon_mp5sd,lookat01,7.6667,Sound,Weapon_MP5.WeaponMove2,4.3333,0.0000
weapon_mp5sd,lookat01,7.6667,ID,WPN_INSPECT_OUTRO,4.6667,3.0000
weapon_mp5sd,lookat01,7.6667,Sound,Weapon_MP5.WeaponMove3,5.4334,0.0000
weapon_mp5sd,lookat01,7.6667,Sound,Weapon_MP5.Grab,7.0000,0.0000
weapon_mp5sd,reload,2.9667,,,,
weapon_mp5sd,reload,2.9667,ID,WPN_RELOAD_SILENT,0.0000,2.0667
weapon_mp5sd,reload,2.9667,Sound,Weapon_MP5.Slideback,0.2000,0.0000
weapon_mp5sd,reload,2.9667,Sound,Weapon_MP5.Handle,0.4667,0.0000
weapon_mp5sd,reload,2.9667,Sound,Weapon_MP5.Clipout,0.7000,0.0000
weapon_mp5sd,reload,2.9667,ID,WPN_DROP_MAG,1.0333,0.0000
weapon_mp5sd,reload,2.9667,Sound,Weapon_MP5.Clipin,1.8334,0.0000
weapon_mp5sd,reload,2.9667,ID,WPN_RELOAD_ADD_AMMO,2.0000,0.0000
weapon_mp5sd,reload,2.9667,Sound,Weapon_MP5.AddAmmo,2.0000,0.0000
weapon_mp5sd,reload,2.9667,Sound,Weapon_MP5.Hit,2.4667,0.0000
weapon_mp5sd,shoot1,0.4000,,,,
weapon_mp5sd,shoot1,0.4000,Particle,shell_eject,0.0000,0.0000
weapon_mp5sd,shoot1,0.4000,ID,WPN_BLOCK_INSPECT,0.0000,0.2667
weapon_mp5sd,shoot1,0.4000,Particle,fps_view,0.0000,0.0000
weapon_ump45,draw,1.0000,,,,
weapon_ump45,draw,1.0000,Sound,Weapon_UMP45.Draw,0.0000,0.8333
weapon_ump45,draw,1.0000,Sound,Weapon_UMP45.BoltBack_Q,0.2667,0.0000
weapon_ump45,draw,1.0000,Sound,Weapon_UMP45.BoltForward_Q,0.4667,0.0000
weapon_ump45,idle,0.0000,,,,
weapon_ump45,lookat01,6.8333,,,,
weapon_ump45,lookat01,6.8333,ID,WPN_INSPECT_INTRO,0.0000,1.5333
weapon_ump45,lookat01,6.8333,Sound,Weapon_UMP45.WeaponMove1,0.1667,0.0000
weapon_ump45,lookat01,6.8333,ID,WPN_INSPECT_LOOP,1.5333,1.5000
weapon_ump45,lookat01,6.8333,ID,WPN_INSPECT_OUTRO,3.0333,3.8000
weapon_ump45,lookat01,6.8333,Sound,Weapon_UMP45.WeaponMove2,3.2667,0.0000
weapon_ump45,lookat01,6.8333,Sound,Weapon_UMP45.WeaponMove1,5.3666,0.0000
weapon_ump45,lookat01,6.8333,Sound,Weapon_UMP45.WeaponMove3,5.7000,0.0000
weapon_ump45,reload,3.4333,,,,
weapon_ump45,reload,3.4333,ID,WPN_RELOAD_SILENT,0.0000,1.7666
weapon_ump45,reload,3.4333,Sound,Weapon_UMP45.Clipout,0.4667,0.0000
weapon_ump45,reload,3.4333,ID,WPN_DROP_MAG,0.7000,0.0000
weapon_ump45,reload,3.4333,Sound,Weapon_UMP45.Clipin,1.4333,0.0000
weapon_ump45,reload,3.4333,Sound,Weapon_UMP45.AddAmmo,1.5333,0.0000
weapon_ump45,reload,3.4333,ID,WPN_RELOAD_ADD_AMMO,1.5333,0.0000
weapon_ump45,reload,3.4333,Sound,Weapon_UMP45.BoltBack,2.1666,0.0000
weapon_ump45,reload,3.4333,Sound,Weapon_UMP45.BoltForward,2.4000,0.0000
weapon_ump45,shoot1,1.0000,,,,
weapon_ump45,shoot1,1.0000,Particle,fps_view,0.0000,0.0000
weapon_ump45,shoot1,1.0000,ID,WPN_BLOCK_INSPECT,0.0000,0.3667
weapon_ump45,shoot1,1.0000,Particle,shell_eject,0.0000,0.0000
weapon_p90,draw,1.0000,,,,
weapon_p90,draw,1.0000,Sound,Weapon_P90.Draw,0.0000,0.7333
weapon_p90,draw,1.0000,Sound,Weapon_P90.BoltBack_Q,0.3667,0.0000
weapon_p90,draw,1.0000,Sound,Weapon_P90.BoltForward_Q,0.5000,0.0000
weapon_p90,idle,0.0000,,,,
weapon_p90,lookat01,5.3333,,,,
weapon_p90,lookat01,5.3333,ID,WPN_INSPECT_INTRO,0.0000,1.5000
weapon_p90,lookat01,5.3333,Sound,Weapon_P90.WeaponMove2,0.0667,0.0000
weapon_p90,lookat01,5.3333,ID,WPN_INSPECT_LOOP,1.5000,1.4333
weapon_p90,lookat01,5.3333,Sound,Weapon_P90.WeaponMove3,2.9333,0.0000
weapon_p90,lookat01,5.3333,ID,WPN_INSPECT_OUTRO,2.9333,2.4000
weapon_p90,lookat01,5.3333,Sound,Weapon_P90.WeaponMove1,3.1333,0.0000
weapon_p90,lookat01,5.3333,Sound,Weapon_P90.WeaponMove3,4.3333,0.0000
weapon_p90,reload,3.3667,,,,
weapon_p90,reload,3.3667,ID,WPN_RELOAD_SILENT,0.0000,1.7667
weapon_p90,reload,3.3667,Sound,Weapon_P90.Cliprelease,0.3667,0.0000
weapon_p90,reload,3.3667,Sound,Weapon_P90.Clipout,0.4667,0.0000
weapon_p90,reload,3.3667,ID,WPN_DROP_MAG,0.7667,0.0000
weapon_p90,reload,3.3667,Sound,Weapon_P90.Clipin,1.4333,0.0000
weapon_p90,reload,3.3667,Sound,Weapon_P90.ClipHit,2.0000,0.0000
weapon_p90,reload,3.3667,ID,WPN_RELOAD_ADD_AMMO,2.0000,0.0000
weapon_p90,reload,3.3667,Sound,Weapon_P90.BoltBack,2.8000,0.0000
weapon_p90,reload,3.3667,Sound,Weapon_P90.BoltForward,3.0334,0.0000
weapon_p90,shoot1,0.8333,,,,
weapon_p90,shoot1,0.8333,Particle,fps_view,0.0000,0.0000
weapon_p90,shoot1,0.8333,ID,WPN_BLOCK_INSPECT,0.0000,0.2333
weapon_p90,shoot1,0.8333,Particle,shell_eject,0.0000,0.0000
weapon_bizon,draw,1.1000,,,,
weapon_bizon,draw,1.1000,Sound,Weapon_bizon.Draw,0.0000,0.4667
weapon_bizon,draw,1.1000,ID,WPN_INSPECT_USE_DRAW_VERSION,0.0000,0.2333
weapon_bizon,draw,1.1000,ID,WPN_INSPECT_USE_FIXUP_VERSION,0.2333,0.4333
weapon_bizon,draw,1.1000,Sound,Weapon_bizon.BoltBack_Q,0.3333,0.0000
weapon_bizon,draw,1.1000,Sound,Weapon_bizon.WeaponMove3,0.4667,0.4667
weapon_bizon,draw,1.1000,Sound,Weapon_bizon.BoltForward_Q,0.5000,0.0000
weapon_bizon,idle,0.0000,,,,
weapon_bizon,lookat01,4.3333,,,,
weapon_bizon,lookat01,4.3333,ID,WPN_INSPECT_INTRO,0.0000,1.0667
weapon_bizon,lookat01,4.3333,Sound,Weapon_bizon.WeaponMove1,0.0667,0.0000
weapon_bizon,lookat01,4.3333,ID,WPN_INSPECT_LOOP,1.0667,1.5333
weapon_bizon,lookat01,4.3333,Sound,Weapon_bizon.WeaponMove2,2.5666,0.0000
weapon_bizon,lookat01,4.3333,ID,WPN_INSPECT_OUTRO,2.6000,1.7333
weapon_bizon,lookat01,4.3333,Sound,Weapon_bizon.WeaponMove3,3.7333,0.0000
weapon_bizon,lookat01_draw,4.3333,,,,
weapon_bizon,lookat01_draw,4.3333,ID,WPN_INSPECT_INTRO,0.0000,1.0667
weapon_bizon,lookat01_draw,4.3333,Sound,Weapon_bizon.WeaponMove1,0.0667,0.0000
weapon_bizon,lookat01_draw,4.3333,ID,WPN_INSPECT_LOOP,1.0667,1.5333
weapon_bizon,lookat01_draw,4.3333,Sound,Weapon_bizon.WeaponMove2,2.5666,0.0000
weapon_bizon,lookat01_draw,4.3333,ID,WPN_INSPECT_OUTRO,2.6000,1.7333
weapon_bizon,lookat01_draw,4.3333,Sound,Weapon_bizon.WeaponMove3,3.7333,0.0000
weapon_bizon,lookat01_transfix,4.3333,,,,
weapon_bizon,lookat01_transfix,4.3333,ID,WPN_INSPECT_INTRO,0.0000,1.0667
weapon_bizon,lookat01_transfix,4.3333,Sound,Weapon_bizon.WeaponMove1,0.0667,0.0000
weapon_bizon,lookat01_transfix,4.3333,ID,WPN_INSPECT_LOOP,1.0667,1.5333
weapon_bizon,lookat01_transfix,4.3333,Sound,Weapon_bizon.WeaponMove2,2.5666,0.0000
weapon_bizon,lookat01_transfix,4.3333,ID,WPN_INSPECT_OUTRO,2.6000,1.7333
weapon_bizon,lookat01_transfix,4.3333,Sound,Weapon_bizon.WeaponMove3,3.7333,0.0000
weapon_bizon,reload,2.4333,,,,
weapon_bizon,reload,2.4333,ID,WPN_RELOAD_SILENT,0.0000,1.3666
weapon_bizon,reload,2.4333,Sound,Weapon_bizon.Clipout,0.4000,0.0000
weapon_bizon,reload,2.4333,ID,WPN_DROP_MAG,0.7333,0.0000
weapon_bizon,reload,2.4333,Sound,Weapon_bizon.Clipin,1.1000,0.0000
weapon_bizon,reload,2.4333,Sound,Weapon_bizon.AddAmmo,1.1333,0.0000
weapon_bizon,reload,2.4333,ID,WPN_RELOAD_ADD_AMMO,1.1333,0.0000
weapon_bizon,reload,2.4333,Sound,Weapon_bizon.BoltBack,1.7000,0.0000
weapon_bizon,reload,2.4333,Sound,Weapon_bizon.BoltForward,1.8333,0.0000
weapon_bizon,shoot1,0.8667,,,,
weapon_bizon,shoot1,0.8667,Particle,shell_eject,0.0000,0.0000
weapon_bizon,shoot1,0.8667,ID,WPN_BLOCK_INSPECT,0.0000,0.3000
weapon_bizon,shoot1,0.8667,Particle,fps_view,0.0000,0.0000
weapon_galilar,draw,1.1000,,,,
weapon_galilar,draw,1.1000,Sound,Weapon_GalilAR.Draw,0.0000,1.0667
weapon_galilar,draw,1.1000,ID,WPN_INSPECT_USE_DRAW_VERSION,0.0000,0.1667
weapon_galilar,draw,1.1000,Sound,Weapon_GalilAR.BoltBack_Q,0.2000,0.0000
weapon_galilar,draw,1.1000,Sound,Weapon_GalilAR.BoltForward_Q,0.4000,0.0000
weapon_galilar,idle,0.0000,,,,
weapon_galilar,lookat01,4.5667,,,,
weapon_galilar,lookat01,4.5667,ID,WPN_INSPECT_INTRO,0.0000,0.9333
weapon_galilar,lookat01,4.5667,Sound,Weapon_GalilAR.WeaponMove3,0.0667,0.0000
weapon_galilar,lookat01,4.5667,ID,WPN_INSPECT_LOOP,0.9333,1.2333
weapon_galilar,lookat01,4.5667,ID,WPN_INSPECT_OUTRO,2.1667,2.4000
weapon_galilar,lookat01,4.5667,Sound,Weapon_GalilAR.WeaponMove1,2.2000,0.0000
weapon_galilar,lookat01,4.5667,Sound,Weapon_GalilAR.WeaponMove2,3.4667,0.0000
weapon_galilar,lookat01_transfix,4.5667,,,,
weapon_galilar,lookat01_transfix,4.5667,ID,WPN_INSPECT_INTRO,0.0000,0.9333
weapon_galilar,lookat01_transfix,4.5667,Sound,Weapon_GalilAR.WeaponMove3,0.0667,0.0000
weapon_galilar,lookat01_transfix,4.5667,ID,WPN_INSPECT_LOOP,0.9333,1.2333
weapon_galilar,lookat01_transfix,4.5667,ID,WPN_INSPECT_OUTRO,2.1667,2.4000
weapon_galilar,lookat01_transfix,4.5667,Sound,Weapon_GalilAR.WeaponMove1,2.2000,0.0000
weapon_galilar,lookat01_transfix,4.5667,Sound,Weapon_GalilAR.WeaponMove2,3.4667,0.0000
weapon_galilar,reload,3.0333,,,,
weapon_galilar,reload,3.0333,ID,WPN_RELOAD_SILENT,0.0000,1.1000
weapon_galilar,reload,3.0333,Sound,Weapon_GalilAR.Clipout,0.4667,0.0000
weapon_galilar,reload,3.0333,ID,WPN_DROP_MAG,0.7333,0.0000
weapon_galilar,reload,3.0333,Sound,Weapon_GalilAR.AddAmmo,1.1333,0.0000
weapon_galilar,reload,3.0333,Sound,Weapon_GalilAR.Clipin,1.1667,0.0000
weapon_galilar,reload,3.0333,ID,WPN_RELOAD_ADD_AMMO,1.1667,0.0000
weapon_galilar,reload,3.0333,Sound,Weapon_GalilAR.BoltBack,1.8666,0.0000
weapon_galilar,reload,3.0333,Sound,Weapon_GalilAR.BoltForward,2.0666,0.0000
weapon_galilar,shoot1,0.8000,,,,
weapon_galilar,shoot1,0.8000,Particle,game,0.0000,0.0000
weapon_galilar,shoot1,0.8000,ID,WPN_BLOCK_INSPECT,0.0000,0.3333
weapon_galilar,shoot1,0.8000,Particle,shell_eject,0.0000,0.0000
weapon_famas,draw,1.0000,,,,
weapon_famas,draw,1.0000,Sound,Weapon_FAMAS.Draw,0.0000,0.4667
weapon_famas,draw,1.0000,Sound,Weapon_FAMAS.BoltForward_Q,0.3000,0.0000
weapon_famas,draw,1.0000,Sound,Weapon_FAMAS.BoltBack_Q,0.3667,0.0000
weapon_famas,idle,0.0000,,,,
weapon_famas,lookat01,4.3333,,,,
weapon_famas,lookat01,4.3333,ID,WPN_INSPECT_INTRO,0.0000,0.9000
weapon_famas,lookat01,4.3333,Sound,Weapon_FAMAS.WeaponMove1,0.0667,0.0000
weapon_famas,lookat01,4.3333,ID,WPN_INSPECT_LOOP,0.9000,1.5333
weapon_famas,lookat01,4.3333,Sound,Weapon_FAMAS.WeaponMove2,2.4000,0.0000
weapon_famas,lookat01,4.3333,ID,WPN_INSPECT_OUTRO,2.4333,1.9000
weapon_famas,lookat01,4.3333,Sound,Weapon_FAMAS.WeaponMove3,3.5000,0.0000
weapon_famas,reload,3.3000,,,,
weapon_famas,reload,3.3000,ID,WPN_RELOAD_SILENT,0.0000,1.4000
weapon_famas,reload,3.3000,Sound,Weapon_FAMAS.Clipout,0.6000,0.0000
weapon_famas,reload,3.3000,ID,WPN_DROP_MAG,0.7667,0.0000
weapon_famas,reload,3.3000,Sound,Weapon_FAMAS.Clipin,1.5667,0.0000
weapon_famas,reload,3.3000,Sound,Weapon_FAMAS.AddAmmo,1.6667,0.0000
weapon_famas,reload,3.3000,ID,WPN_RELOAD_ADD_AMMO,1.6667,0.0000
weapon_famas,reload,3.3000,Sound,Weapon_FAMAS.ClipHit,2.1333,0.0000
weapon_famas,reload,3.3000,Sound,Weapon_FAMAS.BoltBack,2.6000,0.0000
weapon_famas,reload,3.3000,Sound,Weapon_FAMAS.BoltForward,2.6667,0.0000
weapon_famas,shoot1,0.8667,,,,
weapon_famas,shoot1,0.8667,Particle,shell_eject,0.0000,0.0000
weapon_famas,shoot1,0.8667,Particle,fps_view,0.0000,0.0000
weapon_famas,shoot1,0.8667,ID,WPN_BLOCK_INSPECT,0.0000,0.5334
weapon_ak47,draw,1.0000,,,,
weapon_ak47,draw,1.0000,Sound,Weapon_AK47.WeaponMove1,0.0000,0.8000
weapon_ak47,draw,1.0000,ID,WPN_INSPECT_USE_DRAW_VERSION,0.0000,0.1667
weapon_ak47,draw,1.0000,ID,WPN_INSPECT_USE_FIXUP_VERSION,0.1667,0.5000
weapon_ak47,draw,1.0000,Sound,Weapon_AK47.Draw,0.1667,0.4667
weapon_ak47,draw,1.0000,Sound,Weapon_AK47.BoltPull_Q,0.2667,0.0000
weapon_ak47,draw,1.0000,Sound,Weapon_AK47.Inspect_F245,0.3000,0.0000
weapon_ak47,idle,0.0000,,,,
weapon_ak47,lookat01,4.5667,,,,
weapon_ak47,lookat01,4.5667,ID,WPN_INSPECT_INTRO,0.0000,0.9333
weapon_ak47,lookat01,4.5667,Sound,Weapon_AK47.WeaponMove3,0.0667,0.0000
weapon_ak47,lookat01,4.5667,ID,WPN_INSPECT_LOOP,0.9333,1.2333
weapon_ak47,lookat01,4.5667,ID,WPN_INSPECT_OUTRO,2.1667,2.4000
weapon_ak47,lookat01,4.5667,Sound,Weapon_AK47.WeaponMove1,2.2000,0.0000
weapon_ak47,lookat01,4.5667,Sound,Weapon_AK47.WeaponMove2,3.5000,0.0000
weapon_ak47,lookat01_draw,4.5667,,,,
weapon_ak47,lookat01_draw,4.5667,ID,WPN_INSPECT_INTRO,0.0000,0.9333
weapon_ak47,lookat01_draw,4.5667,Sound,Weapon_AK47.WeaponMove3,0.0667,0.0000
weapon_ak47,lookat01_draw,4.5667,ID,WPN_INSPECT_LOOP,0.9333,1.2333
weapon_ak47,lookat01_draw,4.5667,ID,WPN_INSPECT_OUTRO,2.1667,2.4000
weapon_ak47,lookat01_draw,4.5667,Sound,Weapon_AK47.WeaponMove1,2.2000,0.0000
weapon_ak47,lookat01_draw,4.5667,Sound,Weapon_AK47.WeaponMove2,3.5000,0.0000
weapon_ak47,lookat01_transfix,4.5667,,,,
weapon_ak47,lookat01_transfix,4.5667,ID,WPN_INSPECT_INTRO,0.0000,0.9333
weapon_ak47,lookat01_transfix,4.5667,Sound,Weapon_AK47.WeaponMove3,0.0667,0.0000
weapon_ak47,lookat01_transfix,4.5667,ID,WPN_INSPECT_LOOP,0.9333,1.2333
weapon_ak47,lookat01_transfix,4.5667,ID,WPN_INSPECT_OUTRO,2.1667,2.4000
weapon_ak47,lookat01_transfix,4.5667,Sound,Weapon_AK47.WeaponMove1,2.2000,0.0000
weapon_ak47,lookat01_transfix,4.5667,Sound,Weapon_AK47.WeaponMove2,3.5000,0.0000
weapon_ak47,lookat03,7.6000,,,,
weapon_ak47,lookat03,7.6000,ID,WPN_INSPECT_INTRO,0.0000,1.1333
weapon_ak47,lookat03,7.6000,Sound,Weapon_AK47.WeaponMove3,0.2000,0.0000
weapon_ak47,lookat03,7.6000,Sound,Weapon_AK47.WeaponMove1,0.8405,0.0000
weapon_ak47,lookat03,7.6000,ID,WPN_INSPECT_LOOP,1.1333,3.8000
weapon_ak47,lookat03,7.6000,Sound,Weapon_AK47.WeaponMove2,3.3333,0.0000
weapon_ak47,lookat03,7.6000,ID,WPN_INSPECT_OUTRO,4.9333,2.6667
weapon_ak47,lookat03_draw,7.6000,,,,
weapon_ak47,lookat03_draw,7.6000,ID,WPN_INSPECT_INTRO,0.0000,1.1333
weapon_ak47,lookat03_draw,7.6000,Sound,Weapon_AK47.WeaponMove3,0.2000,0.0000
weapon_ak47,lookat03_draw,7.6000,Sound,Weapon_AK47.WeaponMove1,0.8405,0.0000
weapon_ak47,lookat03_draw,7.6000,ID,WPN_INSPECT_LOOP,1.1333,3.8000
weapon_ak47,lookat03_draw,7.6000,Sound,Weapon_AK47.WeaponMove2,3.3333,0.0000
weapon_ak47,lookat03_draw,7.6000,ID,WPN_INSPECT_OUTRO,4.9333,2.6667
weapon_ak47,lookat03_transfix,7.6000,,,,
weapon_ak47,lookat03_transfix,7.6000,ID,WPN_INSPECT_INTRO,0.0000,1.1333
weapon_ak47,lookat03_transfix,7.6000,Sound,Weapon_AK47.WeaponMove3,0.2000,0.0000
weapon_ak47,lookat03_transfix,7.6000,Sound,Weapon_AK47.WeaponMove1,0.8405,0.0000
weapon_ak47,lookat03_transfix,7.6000,ID,WPN_INSPECT_LOOP,1.1333,3.8000
weapon_ak47,lookat03_transfix,7.6000,Sound,Weapon_AK47.WeaponMove2,3.3333,0.0000
weapon_ak47,lookat03_transfix,7.6000,ID,WPN_INSPECT_OUTRO,4.9333,2.6667
weapon_ak47,lookat_draw,0.2667,,,,
weapon_ak47,reload,2.4333,,,,
weapon_ak47,reload,2.4333,ID,WPN_RELOAD_SILENT,0.0000,1.1667
weapon_ak47,reload,2.4333,Sound,Weapon_AK47.Inspect_F245,0.1333,0.0000
weapon_ak47,reload,2.4333,Sound,Weapon_AK47.Clipout,0.3667,0.0000
weapon_ak47,reload,2.4333,ID,WPN_DROP_MAG,0.6000,0.0000
weapon_ak47,reload,2.4333,Sound,Weapon_AK47.Inspect_F100,0.7000,0.0000
weapon_ak47,reload,2.4333,Sound,Weapon_AK47.Clipin,1.0667,0.0000
weapon_ak47,reload,2.4333,Sound,Weapon_AK47.AddAmmo,1.1000,0.0000
weapon_ak47,reload,2.4333,ID,WPN_RELOAD_ADD_AMMO,1.1000,0.0000
weapon_ak47,reload,2.4333,Sound,Weapon_AK47.BoltPull,1.6000,0.0000
weapon_ak47,reload,2.4333,Sound,Weapon_AK47.Inspect_F245,1.6666,0.0000
weapon_ak47,shoot1,0.7667,,,,
weapon_ak47,shoot1,0.7667,Particle,shell_eject,0.0000,0.0000
weapon_ak47,shoot1,0.7667,ID,WPN_BLOCK_INSPECT,0.0000,0.4000
weapon_ak47,shoot1,0.7667,Particle,game,0.0000,0.0000
weapon_m4a1,draw,1.1333,,,,
weapon_m4a1,draw,1.1333,Sound,Weapon_M4A1.Draw,0.0000,1.0000
weapon_m4a1,draw,1.1333,Sound,Weapon_M4A1.BoltForward_Q,0.2667,0.0000
weapon_m4a1,draw,1.1333,Sound,Weapon_M4A1.BoltBack_Q,0.5333,0.0000
weapon_m4a1,idle,0.0000,,,,
weapon_m4a1,lookat01,5.3000,,,,
weapon_m4a1,lookat01,5.3000,ID,WPN_INSPECT_INTRO,0.0000,1.5333
weapon_m4a1,lookat01,5.3000,Sound,Weapon_M4A1.WeaponMove1,0.0667,0.0000
weapon_m4a1,lookat01,5.3000,ID,WPN_INSPECT_LOOP,1.5333,1.5000
weapon_m4a1,lookat01,5.3000,ID,WPN_INSPECT_OUTRO,3.0333,2.2667
weapon_m4a1,lookat01,5.3000,Sound,Weapon_M4A1.WeaponMove2,3.0667,0.0000
weapon_m4a1,lookat01,5.3000,Sound,Weapon_M4A1.WeaponMove3,3.8667,0.0000
weapon_m4a1,reload,3.0667,,,,
weapon_m4a1,reload,3.0667,ID,WPN_RELOAD_SILENT,0.0000,1.3333
weapon_m4a1,reload,3.0667,Sound,Weapon_M4A1.Clipout,0.4333,0.0000
weapon_m4a1,reload,3.0667,ID,WPN_DROP_MAG,0.6333,0.0000
weapon_m4a1,reload,3.0667,Sound,Weapon_M4A1.Clipin,1.1667,0.0000
weapon_m4a1,reload,3.0667,Sound,Weapon_M4A1.AddAmmo,1.3667,0.0000
weapon_m4a1,reload,3.0667,ID,WPN_RELOAD_ADD_AMMO,1.3667,0.0000
weapon_m4a1,reload,3.0667,Sound,Weapon_M4A1.ClipHit,2.0000,0.0000
weapon_m4a1,shoot1,0.4000,,,,
weapon_m4a1,shoot1,0.4000,Particle,fps_view,0.0000,0.0000
weapon_m4a1,shoot1,0.4000,ID,WPN_BLOCK_INSPECT,0.0000,0.1667
weapon_m4a1,shoot1,0.4000,Particle,shell_eject,0.0000,0.0000
weapon_m4a1_silencer,draw,1.1333,,,,
weapon_m4a1_silencer,draw,1.1333,Sound,Weapon_M4A1.Draw,0.0000,1.0333
weapon_m4a1_silencer,draw,1.1333,Sound,Weapon_M4A1S.BoltForward_Q,0.4333,0.0000
weapon_m4a1_silencer,draw,1.1333,Sound,Weapon_M4A1S.BoltBack_Q,0.6333,0.0000
weapon_m4a1_silencer,idle,0.0000,,,,
weapon_m4a1_silencer,lookat01,5.3000,,,,
weapon_m4a1_silencer,lookat01,5.3000,ID,WPN_INSPECT_INTRO,0.0000,1.5333
weapon_m4a1_silencer,lookat01,5.3000,Sound,Weapon_M4A1.WeaponMove1,0.0667,0.0000
weapon_m4a1_silencer,lookat01,5.3000,ID,WPN_INSPECT_LOOP,1.5333,1.5000
weapon_m4a1_silencer,lookat01,5.3000,ID,WPN_INSPECT_OUTRO,3.0333,2.2667
weapon_m4a1_silencer,lookat01,5.3000,Sound,Weapon_M4A1.WeaponMove2,3.0667,0.0000
weapon_m4a1_silencer,lookat01,5.3000,Sound,Weapon_M4A1.WeaponMove3,3.8667,0.0000
weapon_m4a1_silencer,reload,3.0667,,,,
weapon_m4a1_silencer,reload,3.0667,ID,WPN_RELOAD_SILENT,0.0000,1.7000
weapon_m4a1_silencer,reload,3.0667,Sound,Weapon_M4A1.Clipout,0.4333,0.0000
weapon_m4a1_silencer,reload,3.0667,ID,WPN_DROP_MAG,0.6333,0.0000
weapon_m4a1_silencer,reload,3.0667,Sound,Weapon_M4A1.Clipin,1.1667,0.0000
weapon_m4a1_silencer,reload,3.0667,Sound,Weapon_M4A1.AddAmmo,1.3667,0.0000
weapon_m4a1_silencer,reload,3.0667,ID,WPN_RELOAD_ADD_AMMO,1.3667,0.0000
weapon_m4a1_silencer,reload,3.0667,Sound,Weapon_M4A1.ClipHit,2.0000,0.0000
weapon_m4a1_silencer,shoot1,0.4000,,,,
weapon_m4a1_silencer,shoot1,0.4000,Particle,game,0.0000,0.0000
weapon_m4a1_silencer,shoot1,0.4000,Particle,shell_eject,0.0000,0.0000
weapon_m4a1_silencer,shoot1,0.4000,ID,WPN_BLOCK_INSPECT,0.0000,0.2333
weapon_m4a1_silencer,shoot1,0.4000,Particle,fps_view,0.0000,0.0000
weapon_m4a1_silencer,silencer_attach,4.8333,,,,
weapon_m4a1_silencer,silencer_attach,4.8333,Sound,Weapon_M4A1.SilencerWeaponMove1,0.1000,0.0000
weapon_m4a1_silencer,silencer_attach,4.8333,ID,WPN_SHOW_SILENCER,0.6000,3.0333
weapon_m4a1_silencer,silencer_attach,4.8333,Sound,Weapon_M4A1.SilencerScrewOnStart,1.1000,0.0000
weapon_m4a1_silencer,silencer_attach,4.8333,Sound,Weapon_M4A1.SilencerScrew1,1.5667,0.0000
weapon_m4a1_silencer,silencer_attach,4.8333,Sound,Weapon_M4A1.SilencerScrew2,2.1667,0.0000
weapon_m4a1_silencer,silencer_attach,4.8333,Sound,Weapon_M4A1.SilencerScrew3,2.5666,0.0000
weapon_m4a1_silencer,silencer_attach,4.8333,Sound,Weapon_M4A1.SilencerScrew4,2.9666,0.0000
weapon_m4a1_silencer,silencer_attach,4.8333,Sound,Weapon_M4A1.SilencerScrew5,3.2666,0.0000
weapon_m4a1_silencer,silencer_attach,4.8333,ID,WPN_SILENCER_ATTACH,3.4333,0.0000
weapon_m4a1_silencer,silencer_attach,4.8333,Sound,Weapon_M4A1.SilencerWeaponMove3,4.0000,0.0000
weapon_m4a1_silencer,silencer_detach,4.8333,,,,
weapon_m4a1_silencer,silencer_detach,4.8333,Sound,Weapon_M4A1.SilencerWeaponMove1,0.1000,0.0000
weapon_m4a1_silencer,silencer_detach,4.8333,Sound,Weapon_M4A1.SilencerScrew1,0.8000,0.0000
weapon_m4a1_silencer,silencer_detach,4.8333,Sound,Weapon_M4A1.SilencerScrew2,1.4333,0.0000
weapon_m4a1_silencer,silencer_detach,4.8333,Sound,Weapon_M4A1.SilencerScrew3,1.8000,0.0000
weapon_m4a1_silencer,silencer_detach,4.8333,Sound,Weapon_M4A1.SilencerScrew4,2.2000,0.0000
weapon_m4a1_silencer,silencer_detach,4.8333,Sound,Weapon_M4A1.SilencerScrew5,2.5333,0.0000
weapon_m4a1_silencer,silencer_detach,4.8333,ID,WPN_SHOW_SILENCER,2.9333,0.9000
weapon_m4a1_silencer,silencer_detach,4.8333,Sound,Weapon_M4A1.SilencerScrew1,2.9333,0.0000
weapon_m4a1_silencer,silencer_detach,4.8333,Sound,Weapon_M4A1.SilencerScrewOffEnd,3.0333,0.0000
weapon_m4a1_silencer,silencer_detach,4.8333,ID,WPN_SILENCER_DETACH,3.2666,0.0000
weapon_m4a1_silencer,silencer_detach,4.8333,Sound,Weapon_M4A1.SilencerWeaponMove3,3.5041,0.0000
weapon_sg556,draw,1.0000,,,,
weapon_sg556,draw,1.0000,Sound,Weapon_sg556.Draw,0.0000,0.5333
weapon_sg556,draw,1.0000,Sound,Weapon_sg556.BoltBack_Q,0.2667,0.0000
weapon_sg556,draw,1.0000,Sound,Weapon_sg556.BoltForward_Q,0.4667,0.0000
weapon_sg556,idle,0.0000,,,,
weapon_sg556,ironsight_fidget,0.0000,,,,
weapon_sg556,ironsight_shoot,0.2667,,,,
weapon_sg556,ironsight_shoot,0.2667,Particle,ironsight,0.0000,0.0000
weapon_sg556,ironsight_shoot,0.2667,Particle,shell_eject,0.0000,0.0000
weapon_sg556,lookat01,4.3333,,,,
weapon_sg556,lookat01,4.3333,ID,WPN_INSPECT_INTRO,0.0000,1.0667
weapon_sg556,lookat01,4.3333,Sound,Weapon_sg556.WeaponMove1,0.0667,0.0000
weapon_sg556,lookat01,4.3333,ID,WPN_INSPECT_LOOP,1.0667,1.5333
weapon_sg556,lookat01,4.3333,Sound,Weapon_sg556.WeaponMove2,2.5666,0.0000
weapon_sg556,lookat01,4.3333,ID,WPN_INSPECT_OUTRO,2.6000,1.7333
weapon_sg556,lookat01,4.3333,Sound,Weapon_sg556.WeaponMove3,3.7333,0.0000
weapon_sg556,reload,2.7667,,,,
weapon_sg556,reload,2.7667,ID,WPN_RELOAD_SILENT,0.0000,1.5334
weapon_sg556,reload,2.7667,Sound,Weapon_sg556.Clipout,0.3000,0.0000
weapon_sg556,reload,2.7667,ID,WPN_DROP_MAG,0.6000,0.0000
weapon_sg556,reload,2.7667,Sound,Weapon_sg556.Clipin,0.9667,0.0000
weapon_sg556,reload,2.7667,Sound,Weapon_sg556.AddAmmo,1.0333,0.0000
weapon_sg556,reload,2.7667,ID,WPN_RELOAD_ADD_AMMO,1.0333,0.0000
weapon_sg556,reload,2.7667,Sound,Weapon_sg556.BoltBack,1.8667,0.0000
weapon_sg556,reload,2.7667,Sound,Weapon_sg556.BoltForward,2.1000,0.0000
weapon_sg556,shoot1,0.7000,,,,
weapon_sg556,shoot1,0.7000,Particle,game,0.0000,0.0000
weapon_sg556,shoot1,0.7000,ID,WPN_BLOCK_INSPECT,0.0000,0.5000
weapon_sg556,shoot1,0.7000,Particle,shell_eject,0.0000,0.0000
weapon_aug,draw,1.1667,,,,
weapon_aug,draw,1.1667,Sound,Weapon_AUG.Draw,0.0000,0.4667
weapon_aug,draw,1.1667,ID,WPN_INSPECT_USE_DRAW_VERSION,0.0000,0.2000
weapon_aug,draw,1.1667,Sound,Weapon_AUG.Boltpull_Q,0.1667,0.0000
weapon_aug,draw,1.1667,Sound,Weapon_AUG.Boltrelease_Q,0.4000,0.0000
weapon_aug,idle,0.0000,,,,
weapon_aug,ironsight_fidget,0.0000,,,,
weapon_aug,ironsight_shoot,0.2667,,,,
weapon_aug,ironsight_shoot,0.2667,Particle,ironsight,0.0000,0.0000
weapon_aug,ironsight_shoot,0.2667,Particle,shell_eject,0.0000,0.0000
weapon_aug,lookat01,4.3333,,,,
weapon_aug,lookat01,4.3333,ID,WPN_INSPECT_INTRO,0.0000,1.0667
weapon_aug,lookat01,4.3333,Sound,Weapon_AUG.WeaponMove1,0.0667,0.0000
weapon_aug,lookat01,4.3333,Sound,Weapon_AUG.WeaponMove2,1.0667,0.0000
weapon_aug,lookat01,4.3333,ID,WPN_INSPECT_LOOP,1.0667,1.5333
weapon_aug,lookat01,4.3333,ID,WPN_INSPECT_OUTRO,2.6000,1.7333
weapon_aug,lookat01,4.3333,Sound,Weapon_AUG.WeaponMove3,3.0333,0.0000
weapon_aug,lookat01_draw,4.3333,,,,
weapon_aug,lookat01_draw,4.3333,ID,WPN_INSPECT_INTRO,0.0000,1.0667
weapon_aug,lookat01_draw,4.3333,Sound,Weapon_AUG.WeaponMove1,0.0667,0.0000
weapon_aug,lookat01_draw,4.3333,Sound,Weapon_AUG.WeaponMove2,1.0667,0.0000
weapon_aug,lookat01_draw,4.3333,ID,WPN_INSPECT_LOOP,1.0667,1.5333
weapon_aug,lookat01_draw,4.3333,ID,WPN_INSPECT_OUTRO,2.6000,1.7333
weapon_aug,lookat01_draw,4.3333,Sound,Weapon_AUG.WeaponMove3,3.0333,0.0000
weapon_aug,reload,3.7667,,,,
weapon_aug,reload,3.7667,ID,WPN_RELOAD_SILENT,0.0000,1.5000
weapon_aug,reload,3.7667,Sound,Weapon_AUG.Clipout,0.5000,0.0000
weapon_aug,reload,3.7667,ID,WPN_DROP_MAG,0.6667,0.0000
weapon_aug,reload,3.7667,Sound,Weapon_AUG.Clipin,1.4667,0.0000
weapon_aug,reload,3.7667,Sound,Weapon_AUG.AddAmmo,1.5667,0.0000
weapon_aug,reload,3.7667,ID,WPN_RELOAD_ADD_AMMO,1.5667,0.0000
weapon_aug,reload,3.7667,Sound,Weapon_AUG.Cliphit,2.0334,0.0000
weapon_aug,reload,3.7667,Sound,Weapon_AUG.Boltpull,2.6000,0.0000
weapon_aug,reload,3.7667,Sound,Weapon_AUG.Boltrelease,2.8334,0.0000
weapon_aug,shoot1,0.9333,,,,
weapon_aug,shoot1,0.9333,Particle,shell_eject,0.0000,0.0000
weapon_aug,shoot1,0.9333,ID,WPN_BLOCK_INSPECT,0.0000,0.4333
weapon_aug,shoot1,0.9333,Particle,fps_view,0.0000,0.0000
weapon_m249,bullet_hide,0.5333,,,,
weapon_m249,draw,1.1000,,,,
weapon_m249,draw,1.1000,Sound,Weapon_M249.Draw,0.0000,0.3000
weapon_m249,draw,1.1000,Sound,Weapon_M249.pump_Q,0.2333,0.0000
weapon_m249,idle1,0.0000,,,,
weapon_m249,idle_from_activity,1.1000,,,,
weapon_m249,lookat01,6.8667,,,,
weapon_m249,lookat01,6.8667,Legacy,,0.0000,0.0000
weapon_m249,lookat01,6.8667,ID,WPN_INSPECT_INTRO,0.0000,1.8667
weapon_m249,lookat01,6.8667,ID,WPN_INSPECT_LOOP,1.8667,2.1333
weapon_m249,lookat01,6.8667,ID,WPN_INSPECT_OUTRO,4.0000,2.8667
weapon_m249,reload,5.7000,,,,
weapon_m249,reload,5.7000,ID,WPN_RELOAD_SILENT,0.0000,3.8167
weapon_m249,reload,5.7000,Sound,Weapon_M249.Coverup,0.5667,0.0000
weapon_m249,reload,5.7000,Sound,Weapon_M249.Chain,0.7833,0.0000
weapon_m249,reload,5.7000,Sound,Weapon_M249.Boxout,1.3333,0.0000
weapon_m249,reload,5.7000,ID,WPN_SHOW_BULLETS,1.7333,3.9667
weapon_m249,reload,5.7000,ID,WPN_DROP_MAG,1.8167,0.0000
weapon_m249,reload,5.7000,Sound,Weapon_M249.Chain,2.2833,0.0000
weapon_m249,reload,5.7000,Sound,Weapon_M249.Boxin,2.6500,0.0000
weapon_m249,reload,5.7000,Sound,Weapon_M249.Chain,2.9500,0.0000
weapon_m249,reload,5.7000,Sound,Weapon_M249.Coverdown,3.7333,0.0000
weapon_m249,reload,5.7000,ID,WPN_RELOAD_ADD_AMMO,3.7333,0.0000
weapon_m249,reload,5.7000,Sound,Weapon_M249.pump,4.4333,0.0000
weapon_m249,shoot1,1.7333,,,,
weapon_m249,shoot1,1.7333,Particle,shell_eject,0.0000,0.0000
weapon_m249,shoot1,1.7333,ID,WPN_BLOCK_INSPECT,0.0000,0.6667
weapon_m249,shoot1,1.7333,Particle,fps_fire,0.0000,0.0000
weapon_negev,bullet_hide,0.5667,,,,
weapon_negev,draw,1.1000,,,,
weapon_negev,draw,1.1000,Sound,Weapon_Negev.Draw,0.0000,0.3000
weapon_negev,draw,1.1000,Sound,Weapon_Negev.Pump_Q,0.2000,0.0000
weapon_negev,empty_reload,5.7000,,,,
weapon_negev,empty_reload,5.7000,Sound,Weapon_Negev.Coverup,0.6000,0.0000
weapon_negev,empty_reload,5.7000,Sound,Weapon_Negev.Boxout,1.3000,0.0000
weapon_negev,empty_reload,5.7000,ID,WPN_DROP_MAG,1.7000,0.0000
weapon_negev,empty_reload,5.7000,Sound,Weapon_Negev.Boxin,2.6333,0.0000
weapon_negev,empty_reload,5.7000,Sound,Weapon_Negev.Chain,3.0000,0.0000
weapon_negev,empty_reload,5.7000,Sound,Weapon_Negev.Coverdown,3.8000,0.0000
weapon_negev,empty_reload,5.7000,ID,WPN_RELOAD_ADD_AMMO,3.8333,0.0000
weapon_negev,empty_reload,5.7000,Sound,Weapon_Negev.Pump,4.5000,0.0000
weapon_negev,idle,0.0000,,,,
weapon_negev,idle_from_activity,1.0000,,,,
weapon_negev,lookat01,6.8667,,,,
weapon_negev,lookat01,6.8667,ID,WPN_INSPECT_INTRO,0.0000,1.8667
weapon_negev,lookat01,6.8667,Legacy,,0.0000,0.0000
weapon_negev,lookat01,6.8667,ID,WPN_INSPECT_LOOP,1.8667,2.1333
weapon_negev,lookat01,6.8667,ID,WPN_INSPECT_OUTRO,4.0000,2.8667
weapon_negev,reload,5.7000,,,,
weapon_negev,reload,5.7000,ID,WPN_RELOAD_SILENT,0.0000,4.0667
weapon_negev,reload,5.7000,Sound,Weapon_Negev.Coverup,0.6000,0.0000
weapon_negev,reload,5.7000,Sound,Weapon_Negev.Boxout,1.3667,0.0000
weapon_negev,reload,5.7000,ID,WPN_DROP_MAG,1.7000,0.0000
weapon_negev,reload,5.7000,ID,WPN_SHOW_BULLETS,1.7333,3.9667
weapon_negev,reload,5.7000,Sound,Weapon_Negev.Boxin,2.7000,0.0000
weapon_negev,reload,5.7000,Sound,Weapon_Negev.Chain,3.0000,0.0000
weapon_negev,reload,5.7000,Sound,Weapon_Negev.Coverdown,3.8333,0.0000
weapon_negev,reload,5.7000,ID,WPN_RELOAD_ADD_AMMO,3.8333,0.0000
weapon_negev,reload,5.7000,Sound,Weapon_Negev.Pump,4.5667,0.0000
weapon_negev,shoot1,0.8667,,,,
weapon_negev,shoot1,0.8667,Particle,shell_eject,0.0000,0.0000
weapon_negev,shoot1,0.8667,ID,WPN_BLOCK_INSPECT,0.0000,0.3000
weapon_negev,shoot1,0.8667,Particle,fps_fire,0.0000,0.0000
weapon_negev,shoot_empty,0.8667,,,,
weapon_negev,shoot_empty,0.8667,Particle,shell_eject,0.0000,0.0000
weapon_negev,shoot_empty,0.8667,Particle,fps_fire,0.0000,0.0000
weapon_negev,shoot_empty,0.8667,ID,WPN_BLOCK_INSPECT,0.0000,0.3333
weapon_ssg08,draw,1.0000,,,,
weapon_ssg08,draw,1.0000,Sound,Weapon_SSG08.Draw,0.0000,0.9667
weapon_ssg08,draw,1.0000,Sound,Weapon_SSG08.BoltBack_Q,0.2667,0.0000
weapon_ssg08,draw,1.0000,Sound,Weapon_SSG08.BoltForward_Q,0.4667,0.0000
weapon_ssg08,draw_ssg08_lgcy,1.0000,,,,
weapon_ssg08,draw_ssg08_lgcy,1.0000,Sound,Weapon_SSG08.Draw,0.0000,0.9667
weapon_ssg08,draw_ssg08_lgcy,1.0000,Sound,Weapon_SSG08.BoltBack_Q,0.2667,0.0000
weapon_ssg08,draw_ssg08_lgcy,1.0000,Sound,Weapon_SSG08.BoltForward_Q,0.4667,0.0000
weapon_ssg08,idle,0.0000,,,,
weapon_ssg08,idle_ssg08_lgcy,0.0000,,,,
weapon_ssg08,lookat01,5.3000,,,,
weapon_ssg08,lookat01,5.3000,ID,WPN_INSPECT_INTRO,0.0000,1.4667
weapon_ssg08,lookat01,5.3000,Sound,Weapon_SSG08.WeaponMove1,0.0667,0.0000
weapon_ssg08,lookat01,5.3000,ID,WPN_INSPECT_LOOP,1.4667,1.4333
weapon_ssg08,lookat01,5.3000,ID,WPN_INSPECT_OUTRO,2.9000,2.4000
weapon_ssg08,lookat01,5.3000,Sound,Weapon_SSG08.WeaponMove2,3.1333,0.0000
weapon_ssg08,lookat01,5.3000,Sound,Weapon_SSG08.WeaponMove3,4.2667,0.0000
weapon_ssg08,lookat01_ssg08_lgcy,5.3000,,,,
weapon_ssg08,lookat01_ssg08_lgcy,5.3000,ID,WPN_INSPECT_INTRO,0.0000,1.4667
weapon_ssg08,lookat01_ssg08_lgcy,5.3000,Sound,Weapon_SSG08.WeaponMove1,0.0667,0.0000
weapon_ssg08,lookat01_ssg08_lgcy,5.3000,ID,WPN_INSPECT_LOOP,1.4667,1.4333
weapon_ssg08,lookat01_ssg08_lgcy,5.3000,ID,WPN_INSPECT_OUTRO,2.9000,2.4000
weapon_ssg08,lookat01_ssg08_lgcy,5.3000,Sound,Weapon_SSG08.WeaponMove2,3.1333,0.0000
weapon_ssg08,lookat01_ssg08_lgcy,5.3000,Sound,Weapon_SSG08.WeaponMove3,4.2667,0.0000
weapon_ssg08,reload,3.7000,,,,
weapon_ssg08,reload,3.7000,ID,WPN_RELOAD_SILENT,0.0000,1.9000
weapon_ssg08,reload,3.7000,Sound,Weapon_SSG08.Clipout,0.3000,0.0000
weapon_ssg08,reload,3.7000,ID,WPN_DROP_MAG,0.6000,0.0000
weapon_ssg08,reload,3.7000,Sound,Weapon_SSG08.Clipin.Slide,1.5000,0.0000
weapon_ssg08,reload,3.7000,Sound,Weapon_SSG08.Clipin,1.5000,0.0000
weapon_ssg08,reload,3.7000,Sound,Weapon_SSG08.ClipHit,1.9333,0.0000
weapon_ssg08,reload,3.7000,Sound,Weapon_SSG08.AddAmmo,2.0000,0.0000
weapon_ssg08,reload,3.7000,ID,WPN_RELOAD_ADD_AMMO,2.0000,0.0000
weapon_ssg08,reload,3.7000,Sound,Weapon_SSG08.BoltBack,2.7333,0.0000
weapon_ssg08,reload,3.7000,Sound,Weapon_SSG08.BoltForward,2.9667,0.0000
weapon_ssg08,reload_ssg08_lgcy,3.7000,,,,
weapon_ssg08,reload_ssg08_lgcy,3.7000,ID,WPN_RELOAD_SILENT,0.0000,1.6333
weapon_ssg08,reload_ssg08_lgcy,3.7000,Sound,Weapon_SSG08.Clipout,0.3000,0.0000
weapon_ssg08,reload_ssg08_lgcy,3.7000,ID,WPN_DROP_MAG,0.6000,0.0000
weapon_ssg08,reload_ssg08_lgcy,3.7000,Sound,Weapon_SSG08.Clipin.Slide,1.5000,0.0000
weapon_ssg08,reload_ssg08_lgcy,3.7000,Sound,Weapon_SSG08.Clipin,1.5000,0.0000
weapon_ssg08,reload_ssg08_lgcy,3.7000,Sound,Weapon_SSG08.ClipHit,1.9333,0.0000
weapon_ssg08,reload_ssg08_lgcy,3.7000,Sound,Weapon_SSG08.AddAmmo,2.0000,0.0000
weapon_ssg08,reload_ssg08_lgcy,3.7000,ID,WPN_RELOAD_ADD_AMMO,2.0000,0.0000
weapon_ssg08,reload_ssg08_lgcy,3.7000,Sound,Weapon_SSG08.BoltBack,2.7333,0.0000
weapon_ssg08,reload_ssg08_lgcy,3.7000,Sound,Weapon_SSG08.BoltForward,2.9667,0.0000
weapon_ssg08,shoot1,1.6667,,,,
weapon_ssg08,shoot1,1.6667,ID,WPN_BLOCK_INSPECT,0.0000,1.5667
weapon_ssg08,shoot1,1.6667,Particle,ssg08,0.0000,0.0000
weapon_ssg08,shoot1,1.6667,Sound,Weapon_SSG08.BoltBack,0.7000,0.0000
weapon_ssg08,shoot1,1.6667,Particle,shell_eject,0.8000,0.0000
weapon_ssg08,shoot1,1.6667,Sound,Weapon_SSG08.BoltForward,0.9667,0.0000
weapon_ssg08,shoot1_ssg08_lgcy,1.6667,,,,
weapon_ssg08,shoot1_ssg08_lgcy,1.6667,ID,WPN_BLOCK_INSPECT,0.0000,1.5667
weapon_ssg08,shoot1_ssg08_lgcy,1.6667,Particle,ssg08,0.0000,0.0000
weapon_ssg08,shoot1_ssg08_lgcy,1.6667,Sound,Weapon_SSG08.BoltBack,0.7000,0.0000
weapon_ssg08,shoot1_ssg08_lgcy,1.6667,Particle,shell_eject,0.8000,0.0000
weapon_ssg08,shoot1_ssg08_lgcy,1.6667,Sound,Weapon_SSG08.BoltForward,0.9667,0.0000
weapon_awp,draw,1.2667,,,,
weapon_awp,draw,1.2667,Sound,Weapon_AWP.Draw,0.0000,0.4667
weapon_awp,draw,1.2667,Sound,Weapon_AWP.BoltBack_Q,0.3333,0.0000
weapon_awp,draw,1.2667,Sound,Weapon_AWP.BoltForward_Q,0.6667,0.0000
weapon_awp,idle,0.0000,,,,
weapon_awp,lookat01,5.0000,,,,
weapon_awp,lookat01,5.0000,ID,WPN_INSPECT_INTRO,0.0000,1.0333
weapon_awp,lookat01,5.0000,Sound,Weapon_AWP.WeaponMove1,0.1667,0.0000
weapon_awp,lookat01,5.0000,ID,WPN_INSPECT_LOOP,1.0333,1.8667
weapon_awp,lookat01,5.0000,ID,WPN_INSPECT_OUTRO,2.9000,2.1000
weapon_awp,lookat01,5.0000,Sound,Weapon_AWP.WeaponMove2,3.0333,0.0000
weapon_awp,lookat01,5.0000,Sound,Weapon_AWP.WeaponMove3,3.8667,0.0000
weapon_awp,reload,3.6667,,,,
weapon_awp,reload,3.6667,ID,WPN_RELOAD_SILENT,0.0000,1.5667
weapon_awp,reload,3.6667,Sound,Weapon_AWP.Clipout,0.2667,0.0000
weapon_awp,reload,3.6667,ID,WPN_DROP_MAG,0.6667,0.0000
weapon_awp,reload,3.6667,Sound,Weapon_AWP.Clipin,1.5333,0.0000
weapon_awp,reload,3.6667,Sound,Weapon_AWP.Cliphit,2.0000,0.0000
weapon_awp,reload,3.6667,ID,WPN_RELOAD_ADD_AMMO,2.0000,0.0000
weapon_awp,reload,3.6667,Sound,Weapon_AWP.BoltBack,2.6334,0.0000
weapon_awp,reload,3.6667,Sound,Weapon_AWP.BoltForward,2.9667,0.0000
weapon_awp,shoot1,1.6000,,,,
weapon_awp,shoot1,1.6000,ID,WPN_BLOCK_INSPECT,0.0000,1.4000
weapon_awp,shoot1,1.6000,Particle,fps_view,0.0000,0.0000
weapon_awp,shoot1,1.6000,Particle,,0.0000,0.0000
weapon_awp,shoot1,1.6000,Sound,Weapon_AWP.BoltBack_Q,0.6000,0.0000
weapon_awp,shoot1,1.6000,Particle,shell_eject,0.7000,0.0000
weapon_awp,shoot1,1.6000,Sound,Weapon_AWP.BoltForward_Q,0.8667,0.0000
weapon_g3sg1,draw,1.0000,,,,
weapon_g3sg1,draw,1.0000,Sound,Weapon_FAMAS.Draw,0.0000,0.4667
weapon_g3sg1,draw,1.0000,Sound,Weapon_G3SG1.SlideBack_Q,0.3667,0.0000
weapon_g3sg1,draw,1.0000,Sound,Weapon_G3SG1.SlideForward_Q,0.5000,0.0000
weapon_g3sg1,idle1,0.0000,,,,
weapon_g3sg1,lookat01,4.4000,,,,
weapon_g3sg1,lookat01,4.4000,ID,WPN_INSPECT_INTRO,0.0000,0.8667
weapon_g3sg1,lookat01,4.4000,Sound,Weapon_G3SG1.WeaponMove1,0.1667,0.0000
weapon_g3sg1,lookat01,4.4000,ID,WPN_INSPECT_LOOP,0.8667,1.5333
weapon_g3sg1,lookat01,4.4000,ID,WPN_INSPECT_OUTRO,2.4000,2.0000
weapon_g3sg1,lookat01,4.4000,Sound,Weapon_G3SG1.WeaponMove2,2.4667,0.0000
weapon_g3sg1,lookat01,4.4000,Sound,Weapon_G3SG1.WeaponMove3,3.7000,0.0000
weapon_g3sg1,reload,4.6667,,,,
weapon_g3sg1,reload,4.6667,ID,WPN_RELOAD_SILENT,0.0000,4.6667
weapon_g3sg1,reload,4.6667,Sound,Weapon_G3SG1.Draw,0.2000,0.0000
weapon_g3sg1,reload,4.6667,Sound,Weapon_G3SG1.SlideBack,0.5333,0.0000
weapon_g3sg1,reload,4.6667,Sound,Weapon_G3SG1.Clipout,1.3667,0.0000
weapon_g3sg1,reload,4.6667,ID,WPN_DROP_MAG,1.5333,0.0000
weapon_g3sg1,reload,4.6667,Sound,Weapon_G3SG1.Clipin,2.5667,0.0000
weapon_g3sg1,reload,4.6667,ID,WPN_RELOAD_ADD_AMMO,2.6667,0.0000
weapon_g3sg1,reload,4.6667,Sound,Weapon_G3SG1.AddAmmo,2.6667,0.0000
weapon_g3sg1,reload,4.6667,Sound,Weapon_G3SG1.SlideForward,3.3000,0.0000
weapon_g3sg1,reload,4.6667,Sound,Weapon_G3SG1.Draw,3.7334,0.0000
weapon_g3sg1,shoot1,0.7333,,,,
weapon_g3sg1,shoot1,0.7333,ID,WPN_BLOCK_INSPECT,0.0000,0.3333
weapon_g3sg1,shoot1,0.7333,Particle,scar_fps,0.0000,0.0000
weapon_g3sg1,shoot1,0.7333,Particle,shell_eject,0.0486,0.0000
weapon_scar20,draw,1.0000,,,,
weapon_scar20,draw,1.0000,Sound,Weapon_scar20.Draw,0.0000,0.8333
weapon_scar20,draw,1.0000,Sound,Weapon_SCAR20.Handles,0.1333,0.8667
weapon_scar20,draw,1.0000,Sound,Weapon_scar20.BoltForward_Q,0.3000,0.0000
weapon_scar20,draw,1.0000,Sound,Weapon_scar20.BoltBack_Q,0.5333,0.0000
weapon_scar20,idle,0.0000,,,,
weapon_scar20,idle_slide_back,0.0000,,,,
weapon_scar20,lookat01,5.3000,,,,
weapon_scar20,lookat01,5.3000,ID,WPN_INSPECT_INTRO,0.0000,1.4667
weapon_scar20,lookat01,5.3000,Sound,Weapon_SCAR20.WeaponMove1,0.0667,0.0000
weapon_scar20,lookat01,5.3000,ID,WPN_INSPECT_LOOP,1.4667,1.4333
weapon_scar20,lookat01,5.3000,ID,WPN_INSPECT_OUTRO,2.9000,2.4000
weapon_scar20,lookat01,5.3000,Sound,Weapon_SCAR20.WeaponMove2,3.1333,0.0000
weapon_scar20,lookat01,5.3000,Sound,Weapon_SCAR20.WeaponMove3,4.2667,0.0000
weapon_scar20,reload,3.0667,,,,
weapon_scar20,reload,3.0667,ID,WPN_RELOAD_SILENT,0.0000,1.6667
weapon_scar20,reload,3.0667,Sound,Weapon_scar20.Clipout,0.3333,0.0000
weapon_scar20,reload,3.0667,ID,WPN_DROP_MAG,0.5667,0.0000
weapon_scar20,reload,3.0667,Sound,Weapon_scar20.Clipin,1.2667,0.0000
weapon_scar20,reload,3.0667,Sound,Weapon_SCAR20.AddAmmo,1.5334,0.0000
weapon_scar20,reload,3.0667,ID,WPN_RELOAD_ADD_AMMO,1.5334,0.0000
weapon_scar20,reload,3.0667,Sound,Weapon_SCAR20.Hit,2.0000,0.0000
weapon_scar20,reload,3.0667,Sound,Weapon_SCAR20.Handles,2.1000,0.0000
weapon_scar20,reload_empty,3.0667,,,,
weapon_scar20,reload_empty,3.0667,Sound,Weapon_scar20.BoltForward,0.0000,0.0000
weapon_scar20,reload_empty,3.0667,Sound,Weapon_scar20.Clipout,0.5000,0.0000
weapon_scar20,reload_empty,3.0667,ID,WPN_DROP_MAG,0.5667,0.0000
weapon_scar20,reload_empty,3.0667,Sound,Weapon_scar20.Clipin,1.2667,0.0000
weapon_scar20,reload_empty,3.0667,ID,WPN_RELOAD_ADD_AMMO,1.4667,0.0000
weapon_scar20,reload_empty,3.0667,Sound,Weapon_SCAR20.BoltBack,2.0000,0.0000
weapon_scar20,shoot1,0.8333,,,,
weapon_scar20,shoot1,0.8333,ID,WPN_BLOCK_INSPECT,0.0000,0.2667
weapon_scar20,shoot1,0.8333,Particle,scar_fps,0.0000,0.0000
weapon_scar20,shoot1,0.8333,Particle,shell_eject,0.0667,0.0000
weapon_scar20,shoot_empty,0.8333,,,,
weapon_scar20,shoot_empty,0.8333,ID,WPN_BLOCK_INSPECT,0.0000,0.2667
weapon_scar20,shoot_empty,0.8333,Particle,scar_fps,0.0000,0.0000
weapon_scar20,shoot_empty,0.8333,Particle,shell_eject,0.0667,0.0000
